ACZ81_RS21380	
ACZ81_RS20265	
ACZ81_RS01655	K02946
ACZ81_RS00010	K02338
ACZ81_RS00230	K05501
ACZ81_RS00270	K02913
ACZ81_RS21265	
ACZ81_RS01290	
ACZ81_RS01360	
ACZ81_RS01370	K15727
ACZ81_RS01385	
ACZ81_RS01390	
ACZ81_RS21385	
ACZ81_RS21635	
ACZ81_RS20305	
ACZ81_RS20300	
ACZ81_RS20250	
ACZ81_RS20245	K04653
ACZ81_RS20230	K04654
ACZ81_RS20215	
ACZ81_RS20205	
ACZ81_RS20180	
ACZ81_RS20170	
ACZ81_RS20130	
ACZ81_RS20675	K07156
ACZ81_RS20685	
ACZ81_RS20705	K13638
ACZ81_RS20720	
ACZ81_RS20730	
ACZ81_RS21375	
ACZ81_RS19950	K07233
ACZ81_RS19965	
ACZ81_RS01555	K05499
ACZ81_RS01665	K02926
ACZ81_RS01670	K02892
ACZ81_RS01680	K02965
ACZ81_RS01815	K04752
ACZ81_RS02285	K03671
ACZ81_RS02675	K02888
ACZ81_RS02680	K02899
ACZ81_RS03270	K09117
ACZ81_RS03275	K02970
ACZ81_RS03365	
ACZ81_RS03380	K03561
ACZ81_RS03680	K03599
ACZ81_RS03725	K05808
ACZ81_RS03790	
ACZ81_RS13045	K07738
ACZ81_RS05000	K02388
ACZ81_RS05005	K02389
ACZ81_RS05015	K02391
ACZ81_RS05220	K02420
ACZ81_RS05265	K03413
ACZ81_RS05395	K03563
ACZ81_RS05570	K03561
ACZ81_RS05575	K03559
ACZ81_RS05595	
ACZ81_RS06855	K07589
ACZ81_RS06975	K06186
ACZ81_RS07955	K02916
ACZ81_RS07960	K02887
ACZ81_RS08100	K01889
ACZ81_RS08545	K02911
ACZ81_RS08570	K02078
ACZ81_RS08785	K02956
ACZ81_RS09095	
ACZ81_RS09790	K00240
ACZ81_RS09810	K01902
ACZ81_RS02585	
ACZ81_RS12040	K07484
ACZ81_RS20115	K07484
ACZ81_RS20645	K07484
ACZ81_RS12065	
ACZ81_RS13020	K03625
ACZ81_RS13135	K03088
ACZ81_RS13320	K03530
ACZ81_RS13495	K00940
ACZ81_RS11165	
ACZ81_RS11245	K08722
ACZ81_RS17270	K02879
ACZ81_RS17280	K02986
ACZ81_RS17285	K02948
ACZ81_RS17290	K02952
ACZ81_RS17295	K02919
ACZ81_RS17315	K02988
ACZ81_RS17330	K02994
ACZ81_RS17350	K02874
ACZ81_RS14810	K03925
ACZ81_RS20915	
ACZ81_RS17500	K03704
ACZ81_RS18445	K02939
ACZ81_RS18450	K02963
ACZ81_RS18995	K02300
ACZ81_RS19085	K04078
ACZ81_RS19195	K03557
ACZ81_RS19415	K07070
ACZ81_RS21370	
ACZ81_RS19845	K02115
ACZ81_RS19865	K02110
ACZ81_RS19870	K02108
ACZ81_RS19940	K02914
ACZ81_RS00035	K01878
ACZ81_RS00050	K09894
ACZ81_RS00060	
ACZ81_RS00080	K03498
ACZ81_RS00085	K03499
ACZ81_RS00100	K01462
ACZ81_RS00115	K03747
ACZ81_RS00140	K06886
ACZ81_RS00240	K03630
ACZ81_RS00245	
ACZ81_RS00250	
ACZ81_RS00265	K02902
ACZ81_RS00315	K00060
ACZ81_RS00320	K02439
ACZ81_RS00345	K09806
ACZ81_RS00360	
ACZ81_RS00460	K06918
ACZ81_RS00470	
ACZ81_RS00485	
ACZ81_RS00520	K01749
ACZ81_RS00540	K03060
ACZ81_RS00570	K24138
ACZ81_RS00575	
ACZ81_RS00670	
ACZ81_RS00695	K11741
ACZ81_RS00710	K03585
ACZ81_RS00715	K18138
ACZ81_RS00720	
ACZ81_RS00740	
ACZ81_RS00760	K01497
ACZ81_RS00810	K00640
ACZ81_RS00835	K09921
ACZ81_RS00840	K01778
ACZ81_RS00860	K19302
ACZ81_RS00865	K02553
ACZ81_RS00890	K03841
ACZ81_RS00895	K01507
ACZ81_RS00900	K09950
ACZ81_RS00955	K06889
ACZ81_RS00960	K02529
ACZ81_RS00970	K00965
ACZ81_RS00985	K03111
ACZ81_RS01010	K02014
ACZ81_RS01020	K02444
ACZ81_RS01055	
ACZ81_RS01125	K03569
ACZ81_RS01145	K08301
ACZ81_RS01190	K07773
ACZ81_RS01195	
ACZ81_RS01225	
ACZ81_RS01410	K03413
ACZ81_RS01420	K03408
ACZ81_RS01450	K03413
ACZ81_RS01460	K03408
ACZ81_RS01480	K03411
ACZ81_RS01490	
ACZ81_RS01510	
ACZ81_RS01545	
ACZ81_RS01580	
ACZ81_RS01585	
ACZ81_RS01630	K01834
ACZ81_RS01645	
ACZ81_RS01660	K02906
ACZ81_RS01685	K02890
ACZ81_RS01690	K02982
ACZ81_RS01695	K02878
ACZ81_RS01700	K02904
ACZ81_RS01820	K03320
ACZ81_RS01825	K00681
ACZ81_RS01830	K07223
ACZ81_RS01840	K01845
ACZ81_RS01865	
ACZ81_RS01880	
ACZ81_RS01890	
ACZ81_RS01900	K00673
ACZ81_RS01935	
ACZ81_RS01940	
ACZ81_RS01945	K06223
ACZ81_RS01960	K00891
ACZ81_RS01970	K02665
ACZ81_RS01975	K02664
ACZ81_RS02025	
ACZ81_RS02065	K01734
ACZ81_RS02075	K02393
ACZ81_RS02095	K07640
ACZ81_RS02105	K03216
ACZ81_RS02130	
ACZ81_RS02140	K03071
ACZ81_RS02145	K03676
ACZ81_RS02150	
ACZ81_RS02155	K22719
ACZ81_RS02165	
ACZ81_RS02175	
ACZ81_RS02205	
ACZ81_RS02245	K03117
ACZ81_RS02250	K03118
ACZ81_RS02255	
ACZ81_RS02290	K03628
ACZ81_RS02305	K03313
ACZ81_RS02310	K01588
ACZ81_RS02330	K04047
ACZ81_RS02345	
ACZ81_RS02365	K09937
ACZ81_RS02370	K01939
ACZ81_RS02390	
ACZ81_RS02440	
ACZ81_RS02485	K06193
ACZ81_RS02505	
ACZ81_RS02660	K01271
ACZ81_RS02670	K02523
ACZ81_RS02685	K03979
ACZ81_RS02705	
ACZ81_RS02725	
ACZ81_RS02730	K00573
ACZ81_RS02750	K05589
ACZ81_RS02765	
ACZ81_RS02805	K08311
ACZ81_RS02825	K00560
ACZ81_RS02850	
ACZ81_RS03085	K19302
ACZ81_RS03100	
ACZ81_RS03170	
ACZ81_RS03175	K03673
ACZ81_RS03200	
ACZ81_RS03250	
ACZ81_RS03260	K03086
ACZ81_RS03290	K08591
ACZ81_RS03295	K01633
ACZ81_RS03300	K00950
ACZ81_RS03305	K06153
ACZ81_RS03310	K02503
ACZ81_RS03320	
ACZ81_RS03330	K23779
ACZ81_RS03335	K03554
ACZ81_RS03345	K07657
ACZ81_RS03370	
ACZ81_RS03385	K03559
ACZ81_RS03425	K01682
ACZ81_RS03445	
ACZ81_RS03460	K09005
ACZ81_RS03465	K00928
ACZ81_RS03475	K03406
ACZ81_RS03485	K06195
ACZ81_RS03490	K02528
ACZ81_RS03550	K00997
ACZ81_RS03655	K02871
ACZ81_RS03670	K00412
ACZ81_RS03675	K00413
ACZ81_RS03685	K03600
ACZ81_RS03705	K06213
ACZ81_RS03715	K06958
ACZ81_RS03730	K03092
ACZ81_RS03735	K06861
ACZ81_RS03740	K09774
ACZ81_RS03745	K11719
ACZ81_RS03750	K03270
ACZ81_RS03760	K07301
ACZ81_RS03770	K02066
ACZ81_RS03775	K02067
ACZ81_RS03780	K07323
ACZ81_RS03805	K04691
ACZ81_RS03810	K04772
ACZ81_RS03815	K09908
ACZ81_RS03820	K06916
ACZ81_RS03830	
ACZ81_RS03850	
ACZ81_RS03855	
ACZ81_RS03920	
ACZ81_RS03930	K00789
ACZ81_RS03940	K03472
ACZ81_RS03955	K01623
ACZ81_RS03960	K00901
ACZ81_RS03965	K03760
ACZ81_RS03970	
ACZ81_RS03975	
ACZ81_RS03985	K03585
ACZ81_RS03995	K18139
ACZ81_RS04000	
ACZ81_RS04015	K00937
ACZ81_RS04020	
ACZ81_RS04040	K02039
ACZ81_RS04045	K03306
ACZ81_RS04055	K04761
ACZ81_RS04080	K11068
ACZ81_RS04095	K04063
ACZ81_RS04435	
ACZ81_RS04445	
ACZ81_RS04455	
ACZ81_RS04510	K01519
ACZ81_RS04515	K05590
ACZ81_RS04535	K02450
ACZ81_RS04550	K01704
ACZ81_RS04595	K03553
ACZ81_RS04605	K09696
ACZ81_RS04610	K04061
ACZ81_RS04625	K02194
ACZ81_RS04630	K02195
ACZ81_RS04700	
ACZ81_RS04705	
ACZ81_RS04740	K00030
ACZ81_RS04815	K00674
ACZ81_RS04825	K01265
ACZ81_RS04830	K02967
ACZ81_RS04840	K09903
ACZ81_RS04845	K02838
ACZ81_RS04855	K00981
ACZ81_RS04875	K06142
ACZ81_RS04880	K02372
ACZ81_RS04885	K00677
ACZ81_RS04895	K03470
ACZ81_RS04905	K01962
ACZ81_RS04935	K18691
ACZ81_RS04975	K02398
ACZ81_RS04985	K03415
ACZ81_RS04995	K02387
ACZ81_RS05010	K02390
ACZ81_RS05020	K02392
ACZ81_RS05025	K02393
ACZ81_RS05160	K02408
ACZ81_RS05180	K02412
ACZ81_RS05195	K02415
ACZ81_RS05200	K02416
ACZ81_RS05205	K02417
ACZ81_RS05210	K02418
ACZ81_RS05255	K04562
ACZ81_RS05260	K02405
ACZ81_RS05270	K03414
ACZ81_RS05285	K03496
ACZ81_RS05290	K03408
ACZ81_RS05295	K03408
ACZ81_RS05325	K09913
ACZ81_RS05345	K01673
ACZ81_RS05350	K03321
ACZ81_RS05430	K20509
ACZ81_RS05435	K19230
ACZ81_RS05440	K19229
ACZ81_RS05445	K19228
ACZ81_RS05450	K19227
ACZ81_RS05465	K03969
ACZ81_RS05470	K03970
ACZ81_RS05475	K03973
ACZ81_RS05480	K00500
ACZ81_RS05485	K03721
ACZ81_RS05500	K05800
ACZ81_RS05515	
ACZ81_RS05560	
ACZ81_RS05580	K03832
ACZ81_RS05605	
ACZ81_RS05610	K03811
ACZ81_RS05630	K03789
ACZ81_RS05640	
ACZ81_RS05680	K06075
ACZ81_RS05700	K02837
ACZ81_RS05705	K01887
ACZ81_RS05760	
ACZ81_RS05780	
ACZ81_RS05800	
ACZ81_RS05810	K04567
ACZ81_RS05825	
ACZ81_RS05840	
ACZ81_RS05850	
ACZ81_RS05865	K01736
ACZ81_RS05890	K04564
ACZ81_RS05895	K07390
ACZ81_RS05905	
ACZ81_RS05910	K07165
ACZ81_RS05920	K02192
ACZ81_RS05925	K03386
ACZ81_RS05945	K01759
ACZ81_RS05955	K03704
ACZ81_RS05960	
ACZ81_RS05965	
ACZ81_RS06020	K03702
ACZ81_RS06025	K21699
ACZ81_RS06050	K01953
ACZ81_RS06070	
ACZ81_RS06090	K00860
ACZ81_RS06095	K00957
ACZ81_RS06110	
ACZ81_RS06155	K00632
ACZ81_RS20790	
ACZ81_RS21305	
ACZ81_RS06185	K03699
ACZ81_RS06190	
ACZ81_RS06195	K03106
ACZ81_RS06255	K02959
ACZ81_RS06325	K03413
ACZ81_RS06330	K03113
ACZ81_RS06335	K20978
ACZ81_RS06345	
ACZ81_RS06365	
ACZ81_RS06370	K07715
ACZ81_RS06400	K03550
ACZ81_RS06410	K07107
ACZ81_RS06415	K03562
ACZ81_RS06430	K03641
ACZ81_RS06435	K03640
ACZ81_RS06440	
ACZ81_RS06520	K06996
ACZ81_RS06525	K00133
ACZ81_RS06530	
ACZ81_RS06540	
ACZ81_RS06555	K04767
ACZ81_RS06595	
ACZ81_RS06625	K01893
ACZ81_RS06635	K07301
ACZ81_RS06655	
ACZ81_RS06690	K25307
ACZ81_RS06735	K09954
ACZ81_RS06785	K01885
ACZ81_RS06820	
ACZ81_RS06860	K11744
ACZ81_RS06870	K07660
ACZ81_RS06875	
ACZ81_RS06905	K00766
ACZ81_RS06925	
ACZ81_RS06990	K00858
ACZ81_RS07045	K04043
ACZ81_RS07050	K03686
ACZ81_RS07055	
ACZ81_RS07085	K01956
ACZ81_RS07095	K03624
ACZ81_RS07120	
ACZ81_RS07130	K00925
ACZ81_RS07135	K13788
ACZ81_RS07140	
ACZ81_RS07145	K03820
ACZ81_RS07150	K06189
ACZ81_RS07155	K07042
ACZ81_RS07165	K06168
ACZ81_RS21310	
ACZ81_RS07185	
ACZ81_RS21315	
ACZ81_RS07280	K06942
ACZ81_RS07295	K12957
ACZ81_RS07305	K00948
ACZ81_RS07325	K02492
ACZ81_RS07330	K02835
ACZ81_RS07340	
ACZ81_RS07355	
ACZ81_RS07360	K03566
ACZ81_RS07395	K21993
ACZ81_RS07425	K00688
ACZ81_RS07445	
ACZ81_RS07470	
ACZ81_RS07480	K09707
ACZ81_RS07490	K00457
ACZ81_RS07735	K11748
ACZ81_RS07760	
ACZ81_RS07765	
ACZ81_RS07810	K09017
ACZ81_RS07825	K06901
ACZ81_RS07860	K02014
ACZ81_RS07980	K20988
ACZ81_RS08110	K04764
ACZ81_RS08170	K07101
ACZ81_RS08235	
ACZ81_RS08275	
ACZ81_RS08280	K00626
ACZ81_RS08320	
ACZ81_RS08345	
ACZ81_RS08355	
ACZ81_RS08425	
ACZ81_RS08505	
ACZ81_RS08555	K00648
ACZ81_RS08560	K00645
ACZ81_RS08580	K02619
ACZ81_RS08585	K07082
ACZ81_RS08590	K00943
ACZ81_RS08610	
ACZ81_RS08625	
ACZ81_RS08630	K09940
ACZ81_RS08640	
ACZ81_RS08645	K01563
ACZ81_RS08650	K07516
ACZ81_RS08655	K00626
ACZ81_RS08670	
ACZ81_RS08675	
ACZ81_RS08680	
ACZ81_RS08700	
ACZ81_RS08705	
ACZ81_RS20815	
ACZ81_RS08755	K09748
ACZ81_RS08760	K02600
ACZ81_RS08770	K02834
ACZ81_RS08805	
ACZ81_RS08840	K24119
ACZ81_RS08925	K05779
ACZ81_RS09085	
ACZ81_RS09130	K01007
ACZ81_RS09160	
ACZ81_RS09205	K03704
ACZ81_RS09210	K06891
ACZ81_RS09215	K03694
ACZ81_RS09220	K02518
ACZ81_RS09225	K21420
ACZ81_RS09235	K00384
ACZ81_RS09255	
ACZ81_RS09290	K09158
ACZ81_RS09295	K07258
ACZ81_RS09305	K05837
ACZ81_RS09315	K00783
ACZ81_RS09370	K07574
ACZ81_RS09375	K02427
ACZ81_RS09380	K03798
ACZ81_RS20845	
ACZ81_RS09415	
ACZ81_RS09460	K00931
ACZ81_RS09475	
ACZ81_RS09650	K05803
ACZ81_RS09680	K09928
ACZ81_RS09700	K09791
ACZ81_RS09710	
ACZ81_RS09715	K02030
ACZ81_RS09730	
ACZ81_RS09765	
ACZ81_RS09770	K01647
ACZ81_RS09775	K00241
ACZ81_RS09780	K00242
ACZ81_RS09785	K00239
ACZ81_RS09805	K01903
ACZ81_RS09830	K14266
ACZ81_RS09845	
ACZ81_RS09880	
ACZ81_RS09915	
ACZ81_RS16120	
ACZ81_RS16125	
ACZ81_RS16145	
ACZ81_RS16165	K00817
ACZ81_RS09975	K09904
ACZ81_RS09985	
ACZ81_RS10000	
ACZ81_RS10010	K02478
ACZ81_RS10020	K00850
ACZ81_RS10045	K07146
ACZ81_RS10095	K17737
ACZ81_RS10110	K13634
ACZ81_RS10120	
ACZ81_RS10130	K01676
ACZ81_RS10170	K10805
ACZ81_RS10190	K08968
ACZ81_RS10195	
ACZ81_RS10200	K03607
ACZ81_RS10205	K03797
ACZ81_RS10210	K03308
ACZ81_RS10230	
ACZ81_RS10235	
ACZ81_RS10250	K15371
ACZ81_RS10275	
ACZ81_RS10280	K03812
ACZ81_RS10285	K01716
ACZ81_RS10330	
ACZ81_RS10340	K06149
ACZ81_RS10345	
ACZ81_RS10360	K03594
ACZ81_RS10365	K03594
ACZ81_RS10375	K00404
ACZ81_RS10380	K00405
ACZ81_RS10385	K00407
ACZ81_RS10390	K00406
ACZ81_RS10405	
ACZ81_RS10415	K01420
ACZ81_RS10425	K14058
ACZ81_RS10440	K03796
ACZ81_RS10445	
ACZ81_RS10450	
ACZ81_RS10465	K11065
ACZ81_RS10490	K00995
ACZ81_RS10500	K07689
ACZ81_RS10520	
ACZ81_RS10540	K15977
ACZ81_RS10560	K19416
ACZ81_RS10580	K11179
ACZ81_RS10605	K06199
ACZ81_RS10625	K03719
ACZ81_RS10645	K19804
ACZ81_RS10655	
ACZ81_RS10665	K05788
ACZ81_RS10670	K02945
ACZ81_RS10685	K00831
ACZ81_RS10695	K00568
ACZ81_RS10700	K00525
ACZ81_RS10705	K00526
ACZ81_RS10720	
ACZ81_RS10725	
ACZ81_RS10750	K01923
ACZ81_RS10770	K03564
ACZ81_RS10855	K15257
ACZ81_RS10870	K13693
ACZ81_RS10920	
ACZ81_RS10985	
ACZ81_RS11035	K00432
ACZ81_RS11065	K00813
ACZ81_RS11085	K09768
ACZ81_RS11090	
ACZ81_RS11115	
ACZ81_RS11130	
ACZ81_RS11135	
ACZ81_RS11170	K03839
ACZ81_RS11180	K03711
ACZ81_RS11210	K07397
ACZ81_RS11230	
ACZ81_RS11235	
ACZ81_RS11260	K17247
ACZ81_RS11270	
ACZ81_RS11295	K00249
ACZ81_RS11345	K03635
ACZ81_RS11355	K03637
ACZ81_RS11360	K03638
ACZ81_RS11430	
ACZ81_RS11435	K00549
ACZ81_RS11440	
ACZ81_RS11460	K11939
ACZ81_RS11470	
ACZ81_RS11500	
ACZ81_RS11525	
ACZ81_RS11530	K01897
ACZ81_RS11550	
ACZ81_RS11555	
ACZ81_RS11595	
ACZ81_RS11600	
ACZ81_RS11610	
ACZ81_RS11615	
ACZ81_RS11620	
ACZ81_RS11625	
ACZ81_RS11630	
ACZ81_RS11645	
ACZ81_RS20885	
ACZ81_RS11655	
ACZ81_RS11670	K09916
ACZ81_RS11675	
ACZ81_RS11680	K03310
ACZ81_RS11690	K00134
ACZ81_RS11700	K07305
ACZ81_RS11735	K01625
ACZ81_RS11740	K00845
ACZ81_RS11745	K01690
ACZ81_RS11755	K00036
ACZ81_RS11760	K19337
ACZ81_RS11765	K00873
ACZ81_RS11785	
ACZ81_RS11800	K04065
ACZ81_RS11810	
ACZ81_RS11815	
ACZ81_RS11820	K09190
ACZ81_RS11865	
ACZ81_RS11870	K02529
ACZ81_RS11910	K15532
ACZ81_RS11960	
ACZ81_RS11965	
ACZ81_RS11980	
ACZ81_RS11990	
ACZ81_RS12000	
ACZ81_RS12135	
ACZ81_RS12140	K01069
ACZ81_RS12160	
ACZ81_RS12175	K03768
ACZ81_RS12180	K03269
ACZ81_RS12185	
ACZ81_RS20895	
ACZ81_RS12240	
ACZ81_RS12245	
ACZ81_RS12265	K00764
ACZ81_RS12270	K03558
ACZ81_RS12285	K01963
ACZ81_RS12335	K00647
ACZ81_RS12370	
ACZ81_RS12375	
ACZ81_RS12380	K00657
ACZ81_RS12385	
ACZ81_RS12390	
ACZ81_RS12410	
ACZ81_RS12450	
ACZ81_RS12455	
ACZ81_RS12465	
ACZ81_RS12540	
ACZ81_RS12550	K03603
ACZ81_RS12555	K03314
ACZ81_RS12565	
ACZ81_RS12585	K09902
ACZ81_RS12595	K01897
ACZ81_RS12610	
ACZ81_RS12620	K03722
ACZ81_RS12680	
ACZ81_RS12700	
ACZ81_RS12705	K00765
ACZ81_RS12710	K00013
ACZ81_RS12735	K02500
ACZ81_RS12770	K02014
ACZ81_RS12780	K00939
ACZ81_RS12790	K06187
ACZ81_RS12795	
ACZ81_RS12810	K09747
ACZ81_RS12820	K00759
ACZ81_RS12875	K17103
ACZ81_RS12930	K06180
ACZ81_RS12935	K05807
ACZ81_RS12945	
ACZ81_RS12950	K07157
ACZ81_RS12960	
ACZ81_RS12985	K02556
ACZ81_RS13010	K01095
ACZ81_RS13015	K00946
ACZ81_RS13025	K00794
ACZ81_RS13030	K14652
ACZ81_RS13035	K00793
ACZ81_RS13050	K00600
ACZ81_RS13055	K02536
ACZ81_RS13060	K06020
ACZ81_RS13085	
ACZ81_RS13100	K03595
ACZ81_RS13105	K03685
ACZ81_RS13110	K03100
ACZ81_RS13115	K03596
ACZ81_RS13150	
ACZ81_RS13155	K09159
ACZ81_RS13160	K06980
ACZ81_RS13165	K03775
ACZ81_RS13175	K04751
ACZ81_RS13225	K02673
ACZ81_RS13245	K03774
ACZ81_RS13260	K11753
ACZ81_RS13270	K02968
ACZ81_RS13325	K01338
ACZ81_RS13330	K03544
ACZ81_RS13335	K01358
ACZ81_RS13340	K03545
ACZ81_RS13395	K22900
ACZ81_RS13425	K01951
ACZ81_RS13430	K00088
ACZ81_RS13445	
ACZ81_RS13450	
ACZ81_RS13455	K03977
ACZ81_RS13460	K17713
ACZ81_RS13465	
ACZ81_RS13475	K03526
ACZ81_RS13500	K02426
ACZ81_RS13510	K13628
ACZ81_RS13530	K09014
ACZ81_RS13540	K13643
ACZ81_RS13555	K00640
ACZ81_RS13560	K15396
ACZ81_RS13565	K01092
ACZ81_RS13575	
ACZ81_RS13585	K03072
ACZ81_RS13595	K00773
ACZ81_RS13605	
ACZ81_RS13610	K09980
ACZ81_RS13615	
ACZ81_RS13630	K08989
ACZ81_RS13645	
ACZ81_RS13650	
ACZ81_RS13670	K01425
ACZ81_RS13675	K01077
ACZ81_RS13925	K02517
ACZ81_RS13930	
ACZ81_RS13940	K06445
ACZ81_RS13960	K00857
ACZ81_RS13975	
ACZ81_RS13980	K00761
ACZ81_RS13990	
ACZ81_RS14005	K14540
ACZ81_RS14015	
ACZ81_RS14020	
ACZ81_RS14100	
ACZ81_RS14145	
ACZ81_RS14165	K01759
ACZ81_RS14315	
ACZ81_RS14330	
ACZ81_RS14340	K17231
ACZ81_RS14345	K03291
ACZ81_RS14355	
ACZ81_RS14360	K06204
ACZ81_RS14385	K07491
ACZ81_RS14465	K02437
ACZ81_RS14515	
ACZ81_RS14565	K00852
ACZ81_RS14590	K01807
ACZ81_RS14600	K07283
ACZ81_RS14645	K00382
ACZ81_RS14660	K05799
ACZ81_RS14730	
ACZ81_RS14755	K01921
ACZ81_RS14760	K01924
ACZ81_RS14780	K01000
ACZ81_RS14800	K03586
ACZ81_RS14805	K03438
ACZ81_RS14855	K24136
ACZ81_RS14860	K03496
ACZ81_RS14865	
ACZ81_RS14880	K02481
ACZ81_RS14905	K03442
ACZ81_RS14910	K09761
ACZ81_RS14915	K01920
ACZ81_RS14920	K07735
ACZ81_RS14925	K07447
ACZ81_RS14930	
ACZ81_RS14940	K02669
ACZ81_RS14955	K02221
ACZ81_RS14970	
ACZ81_RS15000	
ACZ81_RS15060	K00872
ACZ81_RS15075	K00121
ACZ81_RS15120	
ACZ81_RS15125	K00906
ACZ81_RS15130	K02483
ACZ81_RS15145	
ACZ81_RS15160	
ACZ81_RS15195	K00290
ACZ81_RS15235	K12961
ACZ81_RS15240	
ACZ81_RS15250	
ACZ81_RS15310	
ACZ81_RS15330	K07648
ACZ81_RS15335	K01447
ACZ81_RS15340	K00265
ACZ81_RS15360	
ACZ81_RS15365	K01243
ACZ81_RS15380	
ACZ81_RS15390	
ACZ81_RS15405	K01866
ACZ81_RS15440	
ACZ81_RS15460	K15724
ACZ81_RS15470	K03608
ACZ81_RS15495	
ACZ81_RS15515	K08973
ACZ81_RS15520	
ACZ81_RS15535	K14155
ACZ81_RS15540	
ACZ81_RS15545	K06207
ACZ81_RS15550	K01915
ACZ81_RS15560	K07708
ACZ81_RS15580	K09893
ACZ81_RS15595	
ACZ81_RS15600	
ACZ81_RS15625	K01255
ACZ81_RS15725	
ACZ81_RS15740	
ACZ81_RS15855	K23242
ACZ81_RS15860	
ACZ81_RS15885	K13936
ACZ81_RS15890	
ACZ81_RS15930	K06136
ACZ81_RS15990	K00138
ACZ81_RS16065	K20918
ACZ81_RS16070	K06214
ACZ81_RS16075	K04338
ACZ81_RS16230	
ACZ81_RS16250	K00507
ACZ81_RS16255	K00322
ACZ81_RS16260	
ACZ81_RS16290	K00380
ACZ81_RS16295	
ACZ81_RS16300	
ACZ81_RS16310	K03973
ACZ81_RS16315	K03969
ACZ81_RS16370	
ACZ81_RS16385	K03308
ACZ81_RS16400	K07304
ACZ81_RS16415	K03840
ACZ81_RS16425	K03559
ACZ81_RS16455	
ACZ81_RS16470	
ACZ81_RS16480	
ACZ81_RS16510	
ACZ81_RS16610	K09018
ACZ81_RS16630	
ACZ81_RS16645	K06145
ACZ81_RS16650	K05555
ACZ81_RS16675	K05952
ACZ81_RS16680	K03734
ACZ81_RS16685	K00351
ACZ81_RS16690	K00350
ACZ81_RS16695	K00349
ACZ81_RS16705	K00347
ACZ81_RS16720	K03773
ACZ81_RS16730	K00024
ACZ81_RS16760	K00876
ACZ81_RS16765	K03317
ACZ81_RS16770	
ACZ81_RS16810	
ACZ81_RS16820	
ACZ81_RS16885	
ACZ81_RS16895	
ACZ81_RS16915	K06867
ACZ81_RS17020	
ACZ81_RS17240	
ACZ81_RS17250	
ACZ81_RS17255	K00971
ACZ81_RS17260	K01840
ACZ81_RS17265	K02406
ACZ81_RS17305	K02876
ACZ81_RS17310	K02907
ACZ81_RS17320	K02881
ACZ81_RS17325	K02933
ACZ81_RS17335	K02954
ACZ81_RS17340	K02931
ACZ81_RS17345	K02895
ACZ81_RS17370	K03218
ACZ81_RS17410	
ACZ81_RS17420	K21217
ACZ81_RS17425	
ACZ81_RS17430	K03182
ACZ81_RS17480	K00426
ACZ81_RS21360	
ACZ81_RS17485	K03406
ACZ81_RS17505	K03688
ACZ81_RS17580	
ACZ81_RS17605	
ACZ81_RS17625	
ACZ81_RS17645	
ACZ81_RS17655	K03667
ACZ81_RS17660	K01419
ACZ81_RS17700	K00029
ACZ81_RS17705	K03764
ACZ81_RS17710	K00297
ACZ81_RS17725	
ACZ81_RS17730	K01259
ACZ81_RS17740	
ACZ81_RS17745	K03089
ACZ81_RS17765	K09812
ACZ81_RS17790	
ACZ81_RS17805	K06204
ACZ81_RS17815	K00970
ACZ81_RS17820	K00950
ACZ81_RS17840	
ACZ81_RS17845	K03439
ACZ81_RS17860	K02483
ACZ81_RS17885	K03699
ACZ81_RS17895	K06200
ACZ81_RS17930	
ACZ81_RS17945	K03559
ACZ81_RS17950	K03561
ACZ81_RS17975	K07336
ACZ81_RS18000	K02355
ACZ81_RS18005	K02992
ACZ81_RS18010	K02950
ACZ81_RS18030	K02864
ACZ81_RS18035	K02863
ACZ81_RS18040	K02867
ACZ81_RS18055	K02601
ACZ81_RS18060	K03073
ACZ81_RS18095	K05591
ACZ81_RS18105	K01465
ACZ81_RS18120	K08234
ACZ81_RS18200	K02356
ACZ81_RS18205	K00847
ACZ81_RS18230	K11209
ACZ81_RS18235	
ACZ81_RS18255	K09966
ACZ81_RS18265	K01652
ACZ81_RS18275	K01772
ACZ81_RS18280	K12942
ACZ81_RS18285	K04087
ACZ81_RS18290	K04088
ACZ81_RS18295	K03665
ACZ81_RS18300	K03666
ACZ81_RS18315	K01448
ACZ81_RS18320	K06925
ACZ81_RS18355	K09823
ACZ81_RS18360	K03409
ACZ81_RS18370	K03286
ACZ81_RS18375	K02314
ACZ81_RS18395	
ACZ81_RS18455	K02990
ACZ81_RS18460	K09918
ACZ81_RS18485	
ACZ81_RS18500	
ACZ81_RS18505	
ACZ81_RS18515	K03710
ACZ81_RS18530	K03307
ACZ81_RS18535	K02014
ACZ81_RS18545	
ACZ81_RS18575	K05350
ACZ81_RS18580	K02529
ACZ81_RS18585	K02100
ACZ81_RS18590	K16012
ACZ81_RS18625	
ACZ81_RS18640	
ACZ81_RS18705	
ACZ81_RS18730	
ACZ81_RS18740	
ACZ81_RS18745	K15034
ACZ81_RS18755	
ACZ81_RS18760	
ACZ81_RS18765	
ACZ81_RS18780	
ACZ81_RS18795	
ACZ81_RS18815	K06076
ACZ81_RS18825	
ACZ81_RS18845	K00820
ACZ81_RS18870	
ACZ81_RS18890	K01585
ACZ81_RS18900	K00325
ACZ81_RS18905	K00324
ACZ81_RS18985	
ACZ81_RS19010	K02297
ACZ81_RS19015	
ACZ81_RS19080	K04077
ACZ81_RS19170	
ACZ81_RS19180	K02030
ACZ81_RS19190	K05540
ACZ81_RS19230	K00855
ACZ81_RS19245	K07638
ACZ81_RS19310	K02458
ACZ81_RS19355	K01529
ACZ81_RS19360	K20881
ACZ81_RS19365	K08312
ACZ81_RS19400	K07019
ACZ81_RS19435	K03772
ACZ81_RS19445	K04760
ACZ81_RS19485	K07400
ACZ81_RS19500	
ACZ81_RS19520	
ACZ81_RS19555	K02276
ACZ81_RS19560	K02258
ACZ81_RS19575	K01356
ACZ81_RS19590	K00631
ACZ81_RS19605	
ACZ81_RS19620	K00053
ACZ81_RS04210	
ACZ81_RS19655	
ACZ81_RS19675	K00931
ACZ81_RS19705	
ACZ81_RS19730	
ACZ81_RS19740	
ACZ81_RS19745	K04085
ACZ81_RS19755	K00989
ACZ81_RS19805	
ACZ81_RS19815	K07443
ACZ81_RS19835	K02114
ACZ81_RS19850	K02111
ACZ81_RS19855	K02113
ACZ81_RS19860	K02109
ACZ81_RS19880	K03497
ACZ81_RS19885	K03496
ACZ81_RS19890	K03501
ACZ81_RS19905	K02315
ACZ81_RS21035	K08998
ACZ81_RS00065	K03978
ACZ81_RS00110	K04096
ACZ81_RS00120	K07479
ACZ81_RS00125	K07566
ACZ81_RS00180	K12976
ACZ81_RS00335	K03181
ACZ81_RS00550	
ACZ81_RS00555	K00556
ACZ81_RS00560	K03655
ACZ81_RS00585	K02011
ACZ81_RS00675	
ACZ81_RS00690	K06895
ACZ81_RS00700	
ACZ81_RS00775	K00799
ACZ81_RS00880	K03186
ACZ81_RS00910	
ACZ81_RS00915	K07107
ACZ81_RS00920	
ACZ81_RS00925	
ACZ81_RS00930	K04046
ACZ81_RS00935	K03701
ACZ81_RS18440	
ACZ81_RS00965	K01785
ACZ81_RS00980	K03307
ACZ81_RS01705	K02961
ACZ81_RS01710	
ACZ81_RS01715	K02527
ACZ81_RS01725	
ACZ81_RS01745	
ACZ81_RS01750	
ACZ81_RS01755	
ACZ81_RS01760	K01433
ACZ81_RS01765	K01975
ACZ81_RS01775	
ACZ81_RS01780	K08305
ACZ81_RS01785	K05365
ACZ81_RS01790	
ACZ81_RS01795	K09781
ACZ81_RS01800	
ACZ81_RS01805	
ACZ81_RS01810	
ACZ81_RS01835	K01768
ACZ81_RS01845	K00609
ACZ81_RS01855	
ACZ81_RS01860	
ACZ81_RS01870	K07678
ACZ81_RS02005	K11209
ACZ81_RS02015	K03781
ACZ81_RS02035	K14682
ACZ81_RS02190	K13288
ACZ81_RS02215	
ACZ81_RS02230	K01653
ACZ81_RS02400	
ACZ81_RS02450	
ACZ81_RS02820	K13292
ACZ81_RS02845	K08218
ACZ81_RS02860	K06177
ACZ81_RS03020	
ACZ81_RS03035	K02356
ACZ81_RS03115	K00363
ACZ81_RS03190	
ACZ81_RS03325	K05782
ACZ81_RS03470	
ACZ81_RS03495	K00097
ACZ81_RS03500	K03771
ACZ81_RS03505	K04744
ACZ81_RS03520	K04763
ACZ81_RS03595	
ACZ81_RS03615	
ACZ81_RS03620	K00721
ACZ81_RS03625	
ACZ81_RS03630	K07243
ACZ81_RS03635	
ACZ81_RS03640	K07645
ACZ81_RS03645	K02483
ACZ81_RS03660	K02996
ACZ81_RS03720	K02806
ACZ81_RS03860	
ACZ81_RS04050	K14055
ACZ81_RS04060	
ACZ81_RS04105	
ACZ81_RS04450	
ACZ81_RS04475	
ACZ81_RS04495	
ACZ81_RS04575	K01689
ACZ81_RS04730	K00963
ACZ81_RS04870	K07277
ACZ81_RS04915	
ACZ81_RS04925	
ACZ81_RS04930	K11991
ACZ81_RS21290	
ACZ81_RS05055	K02406
ACZ81_RS05060	K02406
ACZ81_RS05080	K02422
ACZ81_RS05110	
ACZ81_RS05115	K00648
ACZ81_RS05120	K02078
ACZ81_RS05125	K15898
ACZ81_RS05170	K02410
ACZ81_RS05240	K21470
ACZ81_RS05280	K03412
ACZ81_RS05375	K07386
ACZ81_RS05455	K19226
ACZ81_RS05555	
ACZ81_RS05565	K03561
ACZ81_RS05585	
ACZ81_RS05675	
ACZ81_RS05685	K02477
ACZ81_RS05710	K19784
ACZ81_RS05730	K07689
ACZ81_RS05830	K07263
ACZ81_RS05885	K07180
ACZ81_RS05935	K21218
ACZ81_RS05950	K00059
ACZ81_RS05970	K10773
ACZ81_RS05995	K03616
ACZ81_RS06000	K03617
ACZ81_RS06030	K06920
ACZ81_RS06085	K01082
ACZ81_RS06175	K08296
ACZ81_RS06210	
ACZ81_RS06405	K03551
ACZ81_RS06570	K19736
ACZ81_RS06705	K01626
ACZ81_RS06710	
ACZ81_RS06715	K07667
ACZ81_RS06720	K03499
ACZ81_RS06725	K03498
ACZ81_RS06835	K10804
ACZ81_RS06895	K01696
ACZ81_RS06985	K04047
ACZ81_RS07080	K00215
ACZ81_RS07115	K01515
ACZ81_RS07125	K04080
ACZ81_RS07180	K16137
ACZ81_RS07190	
ACZ81_RS07205	
ACZ81_RS07210	
ACZ81_RS07215	
ACZ81_RS07220	
ACZ81_RS07290	K02897
ACZ81_RS07365	K07020
ACZ81_RS07465	K01439
ACZ81_RS07785	K07127
ACZ81_RS07830	K21053
ACZ81_RS07875	
ACZ81_RS07930	K03793
ACZ81_RS07945	K01868
ACZ81_RS08105	K01890
ACZ81_RS08230	K00975
ACZ81_RS08255	K01968
ACZ81_RS08300	K09749
ACZ81_RS08360	
ACZ81_RS08380	K02342
ACZ81_RS08445	K09912
ACZ81_RS08455	
ACZ81_RS08465	K02379
ACZ81_RS08540	K07040
ACZ81_RS08550	K03621
ACZ81_RS08565	K00059
ACZ81_RS09075	
ACZ81_RS09150	K07302
ACZ81_RS09195	K06181
ACZ81_RS09285	K03801
ACZ81_RS09335	K03643
ACZ81_RS09435	
ACZ81_RS09690	K11085
ACZ81_RS09885	K01886
ACZ81_RS09890	
ACZ81_RS10105	
ACZ81_RS10145	K00166
ACZ81_RS21515	
ACZ81_RS10290	
ACZ81_RS10335	K00901
ACZ81_RS10470	K05812
ACZ81_RS10565	K07235
ACZ81_RS10675	K00945
ACZ81_RS10680	K00800
ACZ81_RS10765	K03567
ACZ81_RS10835	K06445
ACZ81_RS10840	
ACZ81_RS10845	
ACZ81_RS10850	K15256
ACZ81_RS10860	K15918
ACZ81_RS11140	K03522
ACZ81_RS11240	K14260
ACZ81_RS11265	
ACZ81_RS11385	K03719
ACZ81_RS11405	
ACZ81_RS11485	
ACZ81_RS11635	
ACZ81_RS11705	K00033
ACZ81_RS11725	K00134
ACZ81_RS11795	K21929
ACZ81_RS11825	K09967
ACZ81_RS11845	K00065
ACZ81_RS11890	K01625
ACZ81_RS11955	
ACZ81_RS11975	K08325
ACZ81_RS12005	
ACZ81_RS12125	K01874
ACZ81_RS12255	K06169
ACZ81_RS12330	K07746
ACZ81_RS12360	
ACZ81_RS12365	
ACZ81_RS12395	K03790
ACZ81_RS12400	
ACZ81_RS12470	K07107
ACZ81_RS12480	
ACZ81_RS12490	K01692
ACZ81_RS12500	
ACZ81_RS12505	
ACZ81_RS12510	K00635
ACZ81_RS12515	
ACZ81_RS12525	K14674
ACZ81_RS12530	
ACZ81_RS12545	K01354
ACZ81_RS12560	K03611
ACZ81_RS12615	K14742
ACZ81_RS12655	
ACZ81_RS12665	K07090
ACZ81_RS12670	
ACZ81_RS12675	
ACZ81_RS12775	K07136
ACZ81_RS12835	
ACZ81_RS12955	
ACZ81_RS12990	K03602
ACZ81_RS13130	K03597
ACZ81_RS13240	K03527
ACZ81_RS13250	K03101
ACZ81_RS13490	K06941
ACZ81_RS13505	
ACZ81_RS13580	K03074
ACZ81_RS13625	
ACZ81_RS13635	
ACZ81_RS13900	K02450
ACZ81_RS13965	K02014
ACZ81_RS14130	
ACZ81_RS14335	
ACZ81_RS14400	
ACZ81_RS14630	K18299
ACZ81_RS14750	K03589
ACZ81_RS14935	K02670
ACZ81_RS15345	K00266
ACZ81_RS15355	
ACZ81_RS15430	K07267
ACZ81_RS15485	K01679
ACZ81_RS15525	
ACZ81_RS15565	K07712
ACZ81_RS15570	
ACZ81_RS15635	K11720
ACZ81_RS15650	
ACZ81_RS15785	
ACZ81_RS15790	K03805
ACZ81_RS15800	K07666
ACZ81_RS15810	K08764
ACZ81_RS15815	
ACZ81_RS15820	
ACZ81_RS15825	
ACZ81_RS16245	K22105
ACZ81_RS16305	
ACZ81_RS16460	
ACZ81_RS16590	K09019
ACZ81_RS16615	K09017
ACZ81_RS16620	K10914
ACZ81_RS16625	
ACZ81_RS16635	K06156
ACZ81_RS16640	K00851
ACZ81_RS16655	
ACZ81_RS16660	K02346
ACZ81_RS16670	K19092
ACZ81_RS16700	K00348
ACZ81_RS16725	K01595
ACZ81_RS16735	K03402
ACZ81_RS16740	
ACZ81_RS16745	
ACZ81_RS16755	
ACZ81_RS16835	
ACZ81_RS16845	
ACZ81_RS16850	K01895
ACZ81_RS16865	
ACZ81_RS16870	
ACZ81_RS16875	K17734
ACZ81_RS16880	
ACZ81_RS16900	
ACZ81_RS16910	
ACZ81_RS16935	K02358
ACZ81_RS17995	K02358
ACZ81_RS17015	
ACZ81_RS17300	K03076
ACZ81_RS17375	K12573
ACZ81_RS17435	K05368
ACZ81_RS17530	
ACZ81_RS17595	
ACZ81_RS17630	
ACZ81_RS17635	
ACZ81_RS17685	K02909
ACZ81_RS17780	K09891
ACZ81_RS17785	
ACZ81_RS17825	K00606
ACZ81_RS17910	
ACZ81_RS17940	
ACZ81_RS18020	K03043
ACZ81_RS18110	K03098
ACZ81_RS18125	K03442
ACZ81_RS18270	
ACZ81_RS18350	K07740
ACZ81_RS18385	
ACZ81_RS18410	K19610
ACZ81_RS18615	
ACZ81_RS18770	
ACZ81_RS18775	
ACZ81_RS18850	
ACZ81_RS19045	
ACZ81_RS19055	K00986
ACZ81_RS19060	
ACZ81_RS19065	
ACZ81_RS19075	
ACZ81_RS19275	K04762
ACZ81_RS19330	K02462
ACZ81_RS19390	
ACZ81_RS19525	K07152
ACZ81_RS19615	K02521
ACZ81_RS19695	
ACZ81_RS19715	
ACZ81_RS19760	
ACZ81_RS19775	
ACZ81_RS19790	K02529
ACZ81_RS19875	K02116
ACZ81_RS19915	K06205
ACZ81_RS00020	K02470
ACZ81_RS00150	
ACZ81_RS00155	
ACZ81_RS00260	
ACZ81_RS00310	K00639
ACZ81_RS00325	K02441
ACZ81_RS00330	K02415
ACZ81_RS00355	
ACZ81_RS00530	K06999
ACZ81_RS00785	
ACZ81_RS00790	K06213
ACZ81_RS00795	K05786
ACZ81_RS00800	
ACZ81_RS00820	
ACZ81_RS00845	K01586
ACZ81_RS00945	
ACZ81_RS01090	K10925
ACZ81_RS01130	K03570
ACZ81_RS01135	K03571
ACZ81_RS01530	
ACZ81_RS01535	
ACZ81_RS21190	
ACZ81_RS01905	K00821
ACZ81_RS01925	K01783
ACZ81_RS01995	K00027
ACZ81_RS02480	
ACZ81_RS02700	
ACZ81_RS02945	K09920
ACZ81_RS03105	K03321
ACZ81_RS03785	K07122
ACZ81_RS04070	
ACZ81_RS04470	
ACZ81_RS04580	K01937
ACZ81_RS04750	
ACZ81_RS04835	K02357
ACZ81_RS04850	K00806
ACZ81_RS04860	K00099
ACZ81_RS04890	K00748
ACZ81_RS04940	K01952
ACZ81_RS04950	
ACZ81_RS04960	
ACZ81_RS04965	K09860
ACZ81_RS04970	K02399
ACZ81_RS05225	K02421
ACZ81_RS05875	
ACZ81_RS06180	
ACZ81_RS07200	K02014
ACZ81_RS08375	K03469
ACZ81_RS08435	K01484
ACZ81_RS08485	K09958
ACZ81_RS08525	K06179
ACZ81_RS08530	K01091
ACZ81_RS08595	K02341
ACZ81_RS08600	K03424
ACZ81_RS08950	
ACZ81_RS08975	
ACZ81_RS09240	K09899
ACZ81_RS21345	
ACZ81_RS09660	K06203
ACZ81_RS10175	
ACZ81_RS10215	K03315
ACZ81_RS10430	K07001
ACZ81_RS10585	
ACZ81_RS10755	K07287
ACZ81_RS10820	K01933
ACZ81_RS10825	K11175
ACZ81_RS11480	
ACZ81_RS11805	
ACZ81_RS12115	K01494
ACZ81_RS12305	K00133
ACZ81_RS12625	
ACZ81_RS12630	
ACZ81_RS12635	
ACZ81_RS12645	
ACZ81_RS12885	
ACZ81_RS13095	K00275
ACZ81_RS13525	K09013
ACZ81_RS13935	
ACZ81_RS14595	K00058
ACZ81_RS14725	K03070
ACZ81_RS14735	K02535
ACZ81_RS14740	K03531
ACZ81_RS14745	K03590
ACZ81_RS15105	K03741
ACZ81_RS15215	K07056
ACZ81_RS15400	
ACZ81_RS16340	
ACZ81_RS16350	K01070
ACZ81_RS16355	
ACZ81_RS16375	
ACZ81_RS16395	
ACZ81_RS16405	
ACZ81_RS16795	K02342
ACZ81_RS16805	K14393
ACZ81_RS16815	
ACZ81_RS17475	K00425
ACZ81_RS17715	K07058
ACZ81_RS18130	
ACZ81_RS19005	K02298
ACZ81_RS19160	
ACZ81_RS19270	K04083
ACZ81_RS19470	K02170
ACZ81_RS19530	K02257
ACZ81_RS19680	
ACZ81_RS20365	
ACZ81_RS20285	
ACZ81_RS20280	
ACZ81_RS21280	
ACZ81_RS03535	
ACZ81_RS04670	K01784
ACZ81_RS07020	
ACZ81_RS20875	
ACZ81_RS13590	K03210
ACZ81_RS16175	K03410
ACZ81_RS19110	K03786
ACZ81_RS19120	K01961
ACZ81_RS19145	
ACZ81_RS19910	K02317
ACZ81_RS19935	K03536
ACZ81_RS19985	
ACZ81_RS20325	
ACZ81_RS20190	
ACZ81_RS12050	
ACZ81_RS20125	
ACZ81_RS20635	
ACZ81_RS04640	K02197
ACZ81_RS15710	
ACZ81_RS15920	K01992
ACZ81_RS18025	K02935
ACZ81_RS20515	
ACZ81_RS21170	
ACZ81_RS20270	K03605
ACZ81_RS20235	K04652
ACZ81_RS01350	
ACZ81_RS20065	K19058
ACZ81_RS20060	K08364
ACZ81_RS20055	K08363
ACZ81_RS05670	
ACZ81_RS13780	
ACZ81_RS16015	K00140
ACZ81_RS12090	
ACZ81_RS06270	K02884
ACZ81_RS07160	K06217
ACZ81_RS06960	K00537
ACZ81_RS11300	
ACZ81_RS01005	K03307
ACZ81_RS15280	K02014
ACZ81_RS15290	K03417
ACZ81_RS10050	
ACZ81_RS10905	
ACZ81_RS10800	
ACZ81_RS19840	K02112
ACZ81_RS19550	
ACZ81_RS19115	K02160
ACZ81_RS01335	
ACZ81_RS04415	
ACZ81_RS07520	
ACZ81_RS09595	
ACZ81_RS17130	
ACZ81_RS01330	
ACZ81_RS04420	
ACZ81_RS07515	
ACZ81_RS09600	
ACZ81_RS17135	
ACZ81_RS12730	K01814
ACZ81_RS02790	K18446
ACZ81_RS02800	K03573
ACZ81_RS02830	
ACZ81_RS03075	
ACZ81_RS03245	
ACZ81_RS03255	K03406
ACZ81_RS03280	K25706
ACZ81_RS03695	
ACZ81_RS03880	K12257
ACZ81_RS04010	K01524
ACZ81_RS04100	K01254
ACZ81_RS05105	
ACZ81_RS05130	
ACZ81_RS05155	K10943
ACZ81_RS05245	K02400
ACZ81_RS05305	K00651
ACZ81_RS02810	K08484
ACZ81_RS02465	
ACZ81_RS02270	K01698
ACZ81_RS02265	K20971
ACZ81_RS02260	K03424
ACZ81_RS02235	
ACZ81_RS02225	K01652
ACZ81_RS01635	K09705
ACZ81_RS02090	K07662
ACZ81_RS12600	
ACZ81_RS12315	
ACZ81_RS11930	
ACZ81_RS11880	K01812
ACZ81_RS11685	
ACZ81_RS11310	K07402
ACZ81_RS11215	K03585
ACZ81_RS11075	
ACZ81_RS07110	
ACZ81_RS07285	K01056
ACZ81_RS07725	
ACZ81_RS15230	K12989
ACZ81_RS15140	
ACZ81_RS05860	K07320
ACZ81_RS05900	K02014
ACZ81_RS17275	K03040
ACZ81_RS17365	K14645
ACZ81_RS17755	
ACZ81_RS17855	K01990
ACZ81_RS17695	
ACZ81_RS17775	K08316
ACZ81_RS00685	K05596
ACZ81_RS00590	K02010
ACZ81_RS00545	K01139
ACZ81_RS00295	
ACZ81_RS00275	
ACZ81_RS00435	
ACZ81_RS17915	K09939
ACZ81_RS08415	K09810
ACZ81_RS08160	
ACZ81_RS08035	
ACZ81_RS07975	K20920
ACZ81_RS07910	
ACZ81_RS06220	
ACZ81_RS06535	
ACZ81_RS16285	K00381
ACZ81_RS10590	
ACZ81_RS10495	K03703
ACZ81_RS10350	
ACZ81_RS10165	
ACZ81_RS10030	
ACZ81_RS10025	
ACZ81_RS09895	
ACZ81_RS14960	
ACZ81_RS14875	
ACZ81_RS14705	K18778
ACZ81_RS14260	K07058
ACZ81_RS14175	K13483
ACZ81_RS14620	K06938
ACZ81_RS14555	K09895
ACZ81_RS13120	K03803
ACZ81_RS13145	
ACZ81_RS13420	K03406
ACZ81_RS13435	K03601
ACZ81_RS13520	K09015
ACZ81_RS13970	
ACZ81_RS13985	
ACZ81_RS16780	
ACZ81_RS16605	K09020
ACZ81_RS16560	
ACZ81_RS19205	
ACZ81_RS19375	
ACZ81_RS19385	K03670
ACZ81_RS19565	K02274
ACZ81_RS19750	K00762
ACZ81_RS19825	K00799
ACZ81_RS19830	
ACZ81_RS19895	K03495
ACZ81_RS19925	K09767
ACZ81_RS19030	
ACZ81_RS18965	
ACZ81_RS18885	K01467
ACZ81_RS18540	K16264
ACZ81_RS18225	
ACZ81_RS18160	K12251
ACZ81_RS18015	K03046
ACZ81_RS18720	
ACZ81_RS09470	
ACZ81_RS09445	
ACZ81_RS09395	K01803
ACZ81_RS09345	
ACZ81_RS09310	K05515
ACZ81_RS09170	K18850
ACZ81_RS08605	K00275
ACZ81_RS08575	K09458
ACZ81_RS08495	K02348
ACZ81_RS08440	K03168
ACZ81_RS06880	
ACZ81_RS04205	
ACZ81_RS02180	K01613
ACZ81_RS02055	K00930
ACZ81_RS01955	K01735
ACZ81_RS13515	K11717
ACZ81_RS13410	K01058
ACZ81_RS13075	
ACZ81_RS03195	
ACZ81_RS02710	K00287
ACZ81_RS15100	K03892
ACZ81_RS15020	K19577
ACZ81_RS09300	K03642
ACZ81_RS09400	K03075
ACZ81_RS09930	K06219
ACZ81_RS05975	K03613
ACZ81_RS06115	
ACZ81_RS06260	K02860
ACZ81_RS06495	
ACZ81_RS06650	
ACZ81_RS18365	
ACZ81_RS17575	
ACZ81_RS17390	
ACZ81_RS05230	K02401
ACZ81_RS00025	
ACZ81_RS10640	K01591
ACZ81_RS01485	K03412
ACZ81_RS11720	K00705
ACZ81_RS17990	K09973
ACZ81_RS15510	K03281
ACZ81_RS12785	K04079
ACZ81_RS12435	K02106
ACZ81_RS12235	
ACZ81_RS12190	
ACZ81_RS12100	
ACZ81_RS00255	
ACZ81_RS00440	
ACZ81_RS03340	
ACZ81_RS02625	
ACZ81_RS11995	K03781
ACZ81_RS02565	
ACZ81_RS03025	
ACZ81_RS08250	K01640
ACZ81_RS16665	K07746
ACZ81_RS13305	
ACZ81_RS18700	
ACZ81_RS18690	K07003
ACZ81_RS18685	
ACZ81_RS18680	
ACZ81_RS18675	
ACZ81_RS18425	K16087
ACZ81_RS18420	
ACZ81_RS18415	K19609
ACZ81_RS18400	
ACZ81_RS18335	
ACZ81_RS05775	K19267
ACZ81_RS06585	
ACZ81_RS06610	K06192
ACZ81_RS04250	K01992
ACZ81_RS04650	K02199
ACZ81_RS04655	K02200
ACZ81_RS04660	
ACZ81_RS04790	
ACZ81_RS04820	K00990
ACZ81_RS15030	K09861
ACZ81_RS15025	
ACZ81_RS14985	K04565
ACZ81_RS14770	K03588
ACZ81_RS03560	K00951
ACZ81_RS03665	K00411
ACZ81_RS03915	K01999
ACZ81_RS04005	
ACZ81_RS00130	K00228
ACZ81_RS00045	
ACZ81_RS19700	
ACZ81_RS08125	
ACZ81_RS08180	
ACZ81_RS08220	
ACZ81_RS08225	
ACZ81_RS08270	K00253
ACZ81_RS13315	K03770
ACZ81_RS08725	K01724
ACZ81_RS08855	
ACZ81_RS09115	
ACZ81_RS09125	K09773
ACZ81_RS09120	
ACZ81_RS06910	K01658
ACZ81_RS06890	K01695
ACZ81_RS12105	
ACZ81_RS12020	
ACZ81_RS16580	K00140
ACZ81_RS03265	K02316
ACZ81_RS00855	
ACZ81_RS14065	K05020
ACZ81_RS14090	
ACZ81_RS02940	K01515
ACZ81_RS02935	K12340
ACZ81_RS20340	K07245
ACZ81_RS00225	
ACZ81_RS00525	
ACZ81_RS11585	
ACZ81_RS11580	
ACZ81_RS11565	K09897
ACZ81_RS11560	K23773
ACZ81_RS09735	K22132
ACZ81_RS13715	
ACZ81_RS13710	
ACZ81_RS13690	
ACZ81_RS05275	K03407
ACZ81_RS15835	
ACZ81_RS15830	K02440
ACZ81_RS15775	
ACZ81_RS15770	
ACZ81_RS15630	K07091
ACZ81_RS02135	K00057
ACZ81_RS15935	K06137
ACZ81_RS09870	K16211
ACZ81_RS16280	K00390
ACZ81_RS16320	
ACZ81_RS16275	
ACZ81_RS09265	
ACZ81_RS01985	K02662
ACZ81_RS07485	K06996
ACZ81_RS07815	
ACZ81_RS15995	K07689
ACZ81_RS16080	
ACZ81_RS16090	
ACZ81_RS16100	
ACZ81_RS15265	K07693
ACZ81_RS18305	K00791
ACZ81_RS19425	K03745
ACZ81_RS05040	K02396
ACZ81_RS04240	K01993
ACZ81_RS11575	K22042
ACZ81_RS20030	
ACZ81_RS01965	K02666
ACZ81_RS01980	K02663
ACZ81_RS03375	K03561
ACZ81_RS03570	K09790
ACZ81_RS03755	K06041
ACZ81_RS04555	K01703
ACZ81_RS04665	K04754
ACZ81_RS04780	
ACZ81_RS06290	K14187
ACZ81_RS06730	
ACZ81_RS07005	K00019
ACZ81_RS08185	K01142
ACZ81_RS08195	
ACZ81_RS08200	K02426
ACZ81_RS15705	K07089
ACZ81_RS11350	K03636
ACZ81_RS11370	K06987
ACZ81_RS20050	K08365
ACZ81_RS13600	K07568
ACZ81_RS14120	
ACZ81_RS14320	
ACZ81_RS08060	
ACZ81_RS16030	
ACZ81_RS16035	K07165
ACZ81_RS16040	K02014
ACZ81_RS16045	
ACZ81_RS16265	
ACZ81_RS16270	
ACZ81_RS16825	K05844
ACZ81_RS18045	
ACZ81_RS19315	K02459
ACZ81_RS19545	K14998
ACZ81_RS00015	K03629
ACZ81_RS00030	K01879
ACZ81_RS00070	K02335
ACZ81_RS00075	
ACZ81_RS00090	K03500
ACZ81_RS00095	K00604
ACZ81_RS00135	K07275
ACZ81_RS00145	K00014
ACZ81_RS00185	
ACZ81_RS00190	
ACZ81_RS00195	K14162
ACZ81_RS00200	K14161
ACZ81_RS00205	
ACZ81_RS00210	
ACZ81_RS00215	
ACZ81_RS00220	
ACZ81_RS00235	K13038
ACZ81_RS00280	K10563
ACZ81_RS00285	K00954
ACZ81_RS00300	
ACZ81_RS00305	
ACZ81_RS00340	K03179
ACZ81_RS00350	K03656
ACZ81_RS00370	K07154
ACZ81_RS00375	
ACZ81_RS00380	K03315
ACZ81_RS00385	K03451
ACZ81_RS00390	
ACZ81_RS00395	
ACZ81_RS00400	
ACZ81_RS00405	
ACZ81_RS00420	
ACZ81_RS00425	
ACZ81_RS00430	K16088
ACZ81_RS00445	K00249
ACZ81_RS00465	K08990
ACZ81_RS00475	K03150
ACZ81_RS00480	K03149
ACZ81_RS00490	K21029
ACZ81_RS00495	K14153
ACZ81_RS00500	K03147
ACZ81_RS00505	K02498
ACZ81_RS00510	K02496
ACZ81_RS00515	K01719
ACZ81_RS00535	K00942
ACZ81_RS00565	K15984
ACZ81_RS00580	K02012
ACZ81_RS00595	
ACZ81_RS00600	
ACZ81_RS00605	
ACZ81_RS00610	
ACZ81_RS00615	
ACZ81_RS00620	K03796
ACZ81_RS00625	
ACZ81_RS00630	
ACZ81_RS00640	K06213
ACZ81_RS00645	K16302
ACZ81_RS00650	K05844
ACZ81_RS00655	K06987
ACZ81_RS00665	K07275
ACZ81_RS00705	
ACZ81_RS00730	
ACZ81_RS00735	
ACZ81_RS00745	K03406
ACZ81_RS00750	
ACZ81_RS00755	
ACZ81_RS00770	
ACZ81_RS00780	K03654
ACZ81_RS00805	K03657
ACZ81_RS00815	
ACZ81_RS03430	
ACZ81_RS03825	
ACZ81_RS11080	
ACZ81_RS11505	
ACZ81_RS16520	
ACZ81_RS16540	
ACZ81_RS16565	
ACZ81_RS16985	
ACZ81_RS18165	
ACZ81_RS00825	K20862
ACZ81_RS00830	K03733
ACZ81_RS00870	K02027
ACZ81_RS00875	K05986
ACZ81_RS00905	K01714
ACZ81_RS00940	
ACZ81_RS00975	K00849
ACZ81_RS00990	
ACZ81_RS01000	K07407
ACZ81_RS01015	K00864
ACZ81_RS01025	K00111
ACZ81_RS01035	
ACZ81_RS01040	K12279
ACZ81_RS01045	
ACZ81_RS01050	
ACZ81_RS01060	K12282
ACZ81_RS01065	K12283
ACZ81_RS01070	K12284
ACZ81_RS01075	K12276
ACZ81_RS01080	K12278
ACZ81_RS01085	
ACZ81_RS01095	K10924
ACZ81_RS01100	K10926
ACZ81_RS01105	K10927
ACZ81_RS01110	
ACZ81_RS01115	
ACZ81_RS01120	K12287
ACZ81_RS01140	K06287
ACZ81_RS01150	
ACZ81_RS01155	K11206
ACZ81_RS01160	K03568
ACZ81_RS01165	
ACZ81_RS01170	K09889
ACZ81_RS01175	K03592
ACZ81_RS01180	
ACZ81_RS01185	K01190
ACZ81_RS01200	K00703
ACZ81_RS01205	K00564
ACZ81_RS01210	K03439
ACZ81_RS01215	
ACZ81_RS01220	K03575
ACZ81_RS01240	
ACZ81_RS01245	
ACZ81_RS01250	
ACZ81_RS01255	
ACZ81_RS01260	
ACZ81_RS01265	
ACZ81_RS01280	
ACZ81_RS01285	K07448
ACZ81_RS01295	
ACZ81_RS01300	
ACZ81_RS01305	
ACZ81_RS01310	
ACZ81_RS01315	
ACZ81_RS01320	
ACZ81_RS01325	
ACZ81_RS01365	K15726
ACZ81_RS01375	K15725
ACZ81_RS01380	
ACZ81_RS01405	K03406
ACZ81_RS01415	K03407
ACZ81_RS01430	K00575
ACZ81_RS01435	K03411
ACZ81_RS01440	K03412
ACZ81_RS01445	K03406
ACZ81_RS01455	K03407
ACZ81_RS01465	K03406
ACZ81_RS01475	K00575
ACZ81_RS01495	K01560
ACZ81_RS01500	
ACZ81_RS04715	
ACZ81_RS17650	
ACZ81_RS01505	
ACZ81_RS01520	K01194
ACZ81_RS01550	
ACZ81_RS01560	
ACZ81_RS01565	
ACZ81_RS01570	
ACZ81_RS01575	K01816
ACZ81_RS01595	K19954
ACZ81_RS01625	K00826
ACZ81_RS01640	K01681
ACZ81_RS01675	K02886
ACZ81_RS01720	
ACZ81_RS01730	
ACZ81_RS01735	K03406
ACZ81_RS01740	K01284
ACZ81_RS01850	K18301
ACZ81_RS01875	K02621
ACZ81_RS01885	
ACZ81_RS01895	K06447
ACZ81_RS01915	
ACZ81_RS01920	K01867
ACZ81_RS01950	K03112
ACZ81_RS01990	K05366
ACZ81_RS02000	
ACZ81_RS02010	
ACZ81_RS02020	
ACZ81_RS02030	
ACZ81_RS02040	K01755
ACZ81_RS02045	K01940
ACZ81_RS02050	K00611
ACZ81_RS02070	
ACZ81_RS02080	
ACZ81_RS02085	K06006
ACZ81_RS02100	K01048
ACZ81_RS02115	K05685
ACZ81_RS02120	
ACZ81_RS02125	K07486
ACZ81_RS03950	K07486
ACZ81_RS14610	K07486
ACZ81_RS02160	K09798
ACZ81_RS02185	K06949
ACZ81_RS02210	K00986
ACZ81_RS04500	K00986
ACZ81_RS06580	K00986
ACZ81_RS10660	K00986
ACZ81_RS13005	K00986
ACZ81_RS19900	K00986
ACZ81_RS02275	K01524
ACZ81_RS02280	K03732
ACZ81_RS02295	
ACZ81_RS02300	
ACZ81_RS02315	K01589
ACZ81_RS02325	K09796
ACZ81_RS02335	K21430
ACZ81_RS02340	
ACZ81_RS02350	K05838
ACZ81_RS02355	
ACZ81_RS02360	
ACZ81_RS02375	K00128
ACZ81_RS02380	K06991
ACZ81_RS02395	K00681
ACZ81_RS02405	K01207
ACZ81_RS02410	
ACZ81_RS02415	
ACZ81_RS02425	K01775
ACZ81_RS02430	
ACZ81_RS02455	K02030
ACZ81_RS02460	
ACZ81_RS02475	K00600
ACZ81_RS02490	K03829
ACZ81_RS02515	
ACZ81_RS02520	
ACZ81_RS02525	
ACZ81_RS02535	
ACZ81_RS02540	
ACZ81_RS02545	
ACZ81_RS02550	
ACZ81_RS02555	K07486
ACZ81_RS02560	
ACZ81_RS02580	
ACZ81_RS02590	
ACZ81_RS02610	
ACZ81_RS02615	
ACZ81_RS02620	
ACZ81_RS02635	
ACZ81_RS02640	
ACZ81_RS02645	K00632
ACZ81_RS02650	K01825
ACZ81_RS02655	K08309
ACZ81_RS02665	K07238
ACZ81_RS02695	K00518
ACZ81_RS02735	K06176
ACZ81_RS02745	K00991
ACZ81_RS02755	
ACZ81_RS02760	K03406
ACZ81_RS02770	
ACZ81_RS02780	K13821
ACZ81_RS02785	K07184
ACZ81_RS02795	
ACZ81_RS02815	K07090
ACZ81_RS02855	
ACZ81_RS02865	K03580
ACZ81_RS02870	
ACZ81_RS02875	
ACZ81_RS02880	K07175
ACZ81_RS02885	
ACZ81_RS02890	
ACZ81_RS02905	K14266
ACZ81_RS02910	K02302
ACZ81_RS02915	K05592
ACZ81_RS02920	
ACZ81_RS02925	
ACZ81_RS13170	
ACZ81_RS18810	
ACZ81_RS02930	K08714
ACZ81_RS02950	K03651
ACZ81_RS02955	K07000
ACZ81_RS02960	K02622
ACZ81_RS02970	
ACZ81_RS02975	
ACZ81_RS02980	K04043
ACZ81_RS02990	
ACZ81_RS02995	
ACZ81_RS03000	
ACZ81_RS03010	
ACZ81_RS03015	
ACZ81_RS03030	K19810
ACZ81_RS03040	K04568
ACZ81_RS03045	K02014
ACZ81_RS03050	
ACZ81_RS03055	
ACZ81_RS03065	K11391
ACZ81_RS03070	
ACZ81_RS03080	K05527
ACZ81_RS03090	K09962
ACZ81_RS03110	K00362
ACZ81_RS03120	K00372
ACZ81_RS03125	
ACZ81_RS03130	
ACZ81_RS03135	K11751
ACZ81_RS03140	
ACZ81_RS03145	K03406
ACZ81_RS03150	K15576
ACZ81_RS03155	K15577
ACZ81_RS03160	K15578
ACZ81_RS03165	
ACZ81_RS03185	
ACZ81_RS03205	K20035
ACZ81_RS03210	K18335
ACZ81_RS03215	
ACZ81_RS03220	K01684
ACZ81_RS03225	
ACZ81_RS03230	
ACZ81_RS03235	K03585
ACZ81_RS03240	K18138
ACZ81_RS03285	
ACZ81_RS03315	
ACZ81_RS03350	K07636
ACZ81_RS03360	
ACZ81_RS03390	K03832
ACZ81_RS03395	
ACZ81_RS03400	K07814
ACZ81_RS03405	
ACZ81_RS03410	K01897
ACZ81_RS03420	K21430
ACZ81_RS03435	
ACZ81_RS03440	
ACZ81_RS03450	K10747
ACZ81_RS03455	K01682
ACZ81_RS03480	K01525
ACZ81_RS03540	K03584
ACZ81_RS03545	K03474
ACZ81_RS03555	K03215
ACZ81_RS03565	K04765
ACZ81_RS03580	
ACZ81_RS03585	
ACZ81_RS03590	
ACZ81_RS03600	
ACZ81_RS03690	
ACZ81_RS03700	
ACZ81_RS03710	K08485
ACZ81_RS03765	K02065
ACZ81_RS03795	K00790
ACZ81_RS03800	K00986
ACZ81_RS09900	K00986
ACZ81_RS19040	K00986
ACZ81_RS19260	K00986
ACZ81_RS03835	K06886
ACZ81_RS03840	
ACZ81_RS03845	
ACZ81_RS03865	
ACZ81_RS03885	K11105
ACZ81_RS03900	K03298
ACZ81_RS03905	
ACZ81_RS03925	
ACZ81_RS03935	K00615
ACZ81_RS03945	K00927
ACZ81_RS04025	K02037
ACZ81_RS04030	K02038
ACZ81_RS04035	K02036
ACZ81_RS04065	
ACZ81_RS04075	
ACZ81_RS04090	K23775
ACZ81_RS04110	K07486
ACZ81_RS11465	K07486
ACZ81_RS15185	K07486
ACZ81_RS04115	
ACZ81_RS04120	
ACZ81_RS04130	
ACZ81_RS04135	K03547
ACZ81_RS04140	K03546
ACZ81_RS04145	
ACZ81_RS04155	K01479
ACZ81_RS04170	K01712
ACZ81_RS04175	K01745
ACZ81_RS04185	K07274
ACZ81_RS04190	K18676
ACZ81_RS04195	K01443
ACZ81_RS04200	
ACZ81_RS04215	
ACZ81_RS04220	
ACZ81_RS04225	
ACZ81_RS04245	K13926
ACZ81_RS04260	K07746
ACZ81_RS04265	K19092
ACZ81_RS04275	
ACZ81_RS04280	
ACZ81_RS04285	K15725
ACZ81_RS04290	K15727
ACZ81_RS04295	K15726
ACZ81_RS04300	
ACZ81_RS04305	
ACZ81_RS04310	
ACZ81_RS04315	
ACZ81_RS04320	
ACZ81_RS04335	
ACZ81_RS04340	K07645
ACZ81_RS04345	K07112
ACZ81_RS04350	K07112
ACZ81_RS04355	K01069
ACZ81_RS04365	
ACZ81_RS04370	K17218
ACZ81_RS21470	
ACZ81_RS04385	K03698
ACZ81_RS04390	
ACZ81_RS04400	
ACZ81_RS04405	
ACZ81_RS04410	
ACZ81_RS04430	
ACZ81_RS04440	K00428
ACZ81_RS04460	K02477
ACZ81_RS04465	K06518
ACZ81_RS04480	
ACZ81_RS04485	
ACZ81_RS04505	
ACZ81_RS04525	
ACZ81_RS04530	K00974
ACZ81_RS04540	K02451
ACZ81_RS04545	K25135
ACZ81_RS04560	K00052
ACZ81_RS04565	K01649
ACZ81_RS04570	
ACZ81_RS04585	K03555
ACZ81_RS04590	K03743
ACZ81_RS04600	K09697
ACZ81_RS04620	K02193
ACZ81_RS04635	K02196
ACZ81_RS04645	K02198
ACZ81_RS04675	
ACZ81_RS04680	K03305
ACZ81_RS04685	K10107
ACZ81_RS04690	K09689
ACZ81_RS04695	K09688
ACZ81_RS04710	K02851
ACZ81_RS04725	K12990
ACZ81_RS04735	K02237
ACZ81_RS04745	
ACZ81_RS04755	K06966
ACZ81_RS04760	K13590
ACZ81_RS04765	K06879
ACZ81_RS04770	K15723
ACZ81_RS04785	
ACZ81_RS04795	
ACZ81_RS04810	
ACZ81_RS04865	K11749
ACZ81_RS04910	K04075
ACZ81_RS04990	K00575
ACZ81_RS05030	K02394
ACZ81_RS05035	K02395
ACZ81_RS05045	K02397
ACZ81_RS05050	
ACZ81_RS05065	K02406
ACZ81_RS05070	K06603
ACZ81_RS05075	K02407
ACZ81_RS05085	
ACZ81_RS05090	
ACZ81_RS05095	K15899
ACZ81_RS05135	K15894
ACZ81_RS05140	K02406
ACZ81_RS05145	K10941
ACZ81_RS05150	K10942
ACZ81_RS05165	K02409
ACZ81_RS05175	K02411
ACZ81_RS05185	K02413
ACZ81_RS05190	K02414
ACZ81_RS05215	K02419
ACZ81_RS05235	
ACZ81_RS05250	K02404
ACZ81_RS05300	
ACZ81_RS05310	K00548
ACZ81_RS05315	K00548
ACZ81_RS05320	
ACZ81_RS05330	
ACZ81_RS05340	K04761
ACZ81_RS05360	K00986
ACZ81_RS09140	K00986
ACZ81_RS05365	K02014
ACZ81_RS05380	K09919
ACZ81_RS05385	K03565
ACZ81_RS05390	K01872
ACZ81_RS05420	K01573
ACZ81_RS05425	K01571
ACZ81_RS05460	K03974
ACZ81_RS05490	K16171
ACZ81_RS05495	
ACZ81_RS05505	K00263
ACZ81_RS05520	K00453
ACZ81_RS05525	
ACZ81_RS05530	K02014
ACZ81_RS05535	K00472
ACZ81_RS05540	
ACZ81_RS05545	
ACZ81_RS05550	
ACZ81_RS05590	K06957
ACZ81_RS05600	K02014
ACZ81_RS05625	
ACZ81_RS05635	
ACZ81_RS05645	
ACZ81_RS05655	
ACZ81_RS05660	K06222
ACZ81_RS05665	
ACZ81_RS05690	K02478
ACZ81_RS05695	
ACZ81_RS05715	
ACZ81_RS05720	
ACZ81_RS05725	K00114
ACZ81_RS05735	
ACZ81_RS05740	K01738
ACZ81_RS05745	
ACZ81_RS05755	K21741
ACZ81_RS05770	
ACZ81_RS05795	K10680
ACZ81_RS05815	K00077
ACZ81_RS05820	K06177
ACZ81_RS05845	
ACZ81_RS05855	
ACZ81_RS05870	K05820
ACZ81_RS05880	K09786
ACZ81_RS05915	K02014
ACZ81_RS05930	K03683
ACZ81_RS05940	K01126
ACZ81_RS05980	K03612
ACZ81_RS05985	K03614
ACZ81_RS05990	K03615
ACZ81_RS06035	K10026
ACZ81_RS06040	
ACZ81_RS06045	
ACZ81_RS08990	
ACZ81_RS06055	
ACZ81_RS06060	
ACZ81_RS06065	K07486
ACZ81_RS06075	
ACZ81_RS06080	K00956
ACZ81_RS06100	K03307
ACZ81_RS06105	
ACZ81_RS06120	
ACZ81_RS06125	
ACZ81_RS06130	K07114
ACZ81_RS06135	K07114
ACZ81_RS06140	
ACZ81_RS06145	
ACZ81_RS06150	K03924
ACZ81_RS06165	
ACZ81_RS06170	K01408
ACZ81_RS06200	
ACZ81_RS06205	
ACZ81_RS06215	
ACZ81_RS06225	
ACZ81_RS06230	
ACZ81_RS06235	
ACZ81_RS06240	K06147
ACZ81_RS06245	K07396
ACZ81_RS06250	
ACZ81_RS06275	
ACZ81_RS06280	K07517
ACZ81_RS06285	K01626
ACZ81_RS06295	
ACZ81_RS06300	
ACZ81_RS06305	
ACZ81_RS06310	
ACZ81_RS06320	K14170
ACZ81_RS06340	K20977
ACZ81_RS06350	
ACZ81_RS06360	K07711
ACZ81_RS06375	
ACZ81_RS06380	
ACZ81_RS06390	K08310
ACZ81_RS06395	K01159
ACZ81_RS06420	K03560
ACZ81_RS06460	K03517
ACZ81_RS06470	
ACZ81_RS06475	
ACZ81_RS06480	
ACZ81_RS06485	
ACZ81_RS06490	
ACZ81_RS06500	
ACZ81_RS06505	K00077
ACZ81_RS06545	
ACZ81_RS06550	K07043
ACZ81_RS06560	
ACZ81_RS06565	
ACZ81_RS06590	
ACZ81_RS06600	
ACZ81_RS06605	K09857
ACZ81_RS06630	
ACZ81_RS06640	
ACZ81_RS06645	
ACZ81_RS06665	K01012
ACZ81_RS06670	K00652
ACZ81_RS06675	K02169
ACZ81_RS06680	K01935
ACZ81_RS06685	K05995
ACZ81_RS06695	K25133
ACZ81_RS06700	K06074
ACZ81_RS06740	K24821
ACZ81_RS06750	K03639
ACZ81_RS06755	
ACZ81_RS06760	
ACZ81_RS06815	
ACZ81_RS06825	K05541
ACZ81_RS06830	
ACZ81_RS06840	K02003
ACZ81_RS06845	K02004
ACZ81_RS06850	K07071
ACZ81_RS06865	K07637
ACZ81_RS06885	K09780
ACZ81_RS06900	K13498
ACZ81_RS06915	K01657
ACZ81_RS06920	K07053
ACZ81_RS06930	K05896
ACZ81_RS06935	K06024
ACZ81_RS06940	K06178
ACZ81_RS06945	K06222
ACZ81_RS06950	K00661
ACZ81_RS06955	
ACZ81_RS06965	
ACZ81_RS06970	K00569
ACZ81_RS06980	K03631
ACZ81_RS06995	
ACZ81_RS07010	
ACZ81_RS07015	K00641
ACZ81_RS07030	
ACZ81_RS07035	
ACZ81_RS07040	K03687
ACZ81_RS07060	
ACZ81_RS07065	
ACZ81_RS07070	K01908
ACZ81_RS07090	K01955
ACZ81_RS07170	K03184
ACZ81_RS07175	
ACZ81_RS07230	K03310
ACZ81_RS07275	
ACZ81_RS07300	
ACZ81_RS07315	K00919
ACZ81_RS07320	K02494
ACZ81_RS07335	K02493
ACZ81_RS07345	
ACZ81_RS07350	K01627
ACZ81_RS07370	
ACZ81_RS07375	K06968
ACZ81_RS07380	K02355
ACZ81_RS07385	K01725
ACZ81_RS07390	
ACZ81_RS07400	K22452
ACZ81_RS07405	
ACZ81_RS07410	K03924
ACZ81_RS07415	K03645
ACZ81_RS07420	K01835
ACZ81_RS07430	
ACZ81_RS07435	K05526
ACZ81_RS07440	
ACZ81_RS07455	
ACZ81_RS07460	
ACZ81_RS07475	
ACZ81_RS07495	K00451
ACZ81_RS07500	
ACZ81_RS07540	
ACZ81_RS07545	
ACZ81_RS07555	K07727
ACZ81_RS07560	
ACZ81_RS07565	K14059
ACZ81_RS07570	K03698
ACZ81_RS07585	
ACZ81_RS07590	K01153
ACZ81_RS07595	K03427
ACZ81_RS07605	
ACZ81_RS07615	K09760
ACZ81_RS07620	
ACZ81_RS07625	
ACZ81_RS07630	K06877
ACZ81_RS07635	
ACZ81_RS07640	K25706
ACZ81_RS07645	
ACZ81_RS07655	
ACZ81_RS07660	
ACZ81_RS07665	
ACZ81_RS07670	
ACZ81_RS07675	
ACZ81_RS07680	
ACZ81_RS07685	
ACZ81_RS07690	
ACZ81_RS07695	
ACZ81_RS07705	
ACZ81_RS07710	
ACZ81_RS07720	
ACZ81_RS07730	K03455
ACZ81_RS07740	
ACZ81_RS07745	
ACZ81_RS07755	K07302
ACZ81_RS07770	
ACZ81_RS07775	
ACZ81_RS07780	K01487
ACZ81_RS07790	K16840
ACZ81_RS07795	K07402
ACZ81_RS07800	K13482
ACZ81_RS07805	K13481
ACZ81_RS07835	
ACZ81_RS07840	
ACZ81_RS07845	
ACZ81_RS07850	
ACZ81_RS07855	
ACZ81_RS07865	K16345
ACZ81_RS07870	K19572
ACZ81_RS07880	K02083
ACZ81_RS07885	K00839
ACZ81_RS07890	K07090
ACZ81_RS07895	K22602
ACZ81_RS07900	K01426
ACZ81_RS07905	
ACZ81_RS07915	K07052
ACZ81_RS07920	K03442
ACZ81_RS07925	
ACZ81_RS07935	
ACZ81_RS07965	K00971
ACZ81_RS07970	K03606
ACZ81_RS07985	K16554
ACZ81_RS07990	K01104
ACZ81_RS07995	
ACZ81_RS08000	
ACZ81_RS08005	
ACZ81_RS08010	
ACZ81_RS08015	
ACZ81_RS08020	
ACZ81_RS08025	
ACZ81_RS08030	
ACZ81_RS08040	
ACZ81_RS08045	
ACZ81_RS08050	
ACZ81_RS08055	
ACZ81_RS08065	K21014
ACZ81_RS08070	K13665
ACZ81_RS08080	
ACZ81_RS08090	
ACZ81_RS08095	
ACZ81_RS08115	
ACZ81_RS08130	K03976
ACZ81_RS08135	K01434
ACZ81_RS08140	K01207
ACZ81_RS08145	K00798
ACZ81_RS08150	
ACZ81_RS08155	K03723
ACZ81_RS08165	K09808
ACZ81_RS08190	
ACZ81_RS08205	
ACZ81_RS08210	
ACZ81_RS08215	
ACZ81_RS08240	
ACZ81_RS08260	K13766
ACZ81_RS08265	K01969
ACZ81_RS08285	
ACZ81_RS08305	K01141
ACZ81_RS08310	
ACZ81_RS08315	K13051
ACZ81_RS08325	K01083
ACZ81_RS08330	
ACZ81_RS08335	
ACZ81_RS08340	
ACZ81_RS08350	K03578
ACZ81_RS08365	K06969
ACZ81_RS08370	
ACZ81_RS08410	
ACZ81_RS08420	K09808
ACZ81_RS08430	
ACZ81_RS08450	
ACZ81_RS08460	K03752
ACZ81_RS08470	
ACZ81_RS08475	K07006
ACZ81_RS08480	K00799
ACZ81_RS08490	
ACZ81_RS08500	K01560
ACZ81_RS08510	
ACZ81_RS08515	
ACZ81_RS08520	K08300
ACZ81_RS08535	K25422
ACZ81_RS08620	K01283
ACZ81_RS08635	
ACZ81_RS08660	K20035
ACZ81_RS08665	K22369
ACZ81_RS08685	
ACZ81_RS08690	
ACZ81_RS08695	K00045
ACZ81_RS08710	
ACZ81_RS08715	K03442
ACZ81_RS08720	K02014
ACZ81_RS08745	
ACZ81_RS08750	K07814
ACZ81_RS08765	K02519
ACZ81_RS08775	K03177
ACZ81_RS08780	
ACZ81_RS08795	K06182
ACZ81_RS08800	
ACZ81_RS08810	K07394
ACZ81_RS08815	
ACZ81_RS08830	K07004
ACZ81_RS08845	K03387
ACZ81_RS08860	
ACZ81_RS08865	K06134
ACZ81_RS08870	
ACZ81_RS08875	
ACZ81_RS08880	
ACZ81_RS08895	
ACZ81_RS08900	
ACZ81_RS08905	
ACZ81_RS08910	
ACZ81_RS08915	K05777
ACZ81_RS08920	K05778
ACZ81_RS08930	
ACZ81_RS08935	
ACZ81_RS08940	K01173
ACZ81_RS08945	
ACZ81_RS08955	
ACZ81_RS08960	
ACZ81_RS08965	
ACZ81_RS08970	
ACZ81_RS08980	
ACZ81_RS08985	
ACZ81_RS08995	
ACZ81_RS09000	
ACZ81_RS09005	K02014
ACZ81_RS09010	K01992
ACZ81_RS09015	K01992
ACZ81_RS09020	K01990
ACZ81_RS09025	
ACZ81_RS09030	
ACZ81_RS09035	
ACZ81_RS09040	K14059
ACZ81_RS09045	
ACZ81_RS09050	
ACZ81_RS09065	
ACZ81_RS09080	K03664
ACZ81_RS09090	K09801
ACZ81_RS09100	K02168
ACZ81_RS09105	K02014
ACZ81_RS09110	
ACZ81_RS09145	K07303
ACZ81_RS09155	
ACZ81_RS09175	K01768
ACZ81_RS09180	K01756
ACZ81_RS09200	K00031
ACZ81_RS09250	K04773
ACZ81_RS09260	
ACZ81_RS09275	K01424
ACZ81_RS09280	K03644
ACZ81_RS09320	K09710
ACZ81_RS09330	K02340
ACZ81_RS09340	K01869
ACZ81_RS09350	
ACZ81_RS09355	
ACZ81_RS09360	
ACZ81_RS09365	
ACZ81_RS09385	K00796
ACZ81_RS09390	K03431
ACZ81_RS09410	
ACZ81_RS09420	K00262
ACZ81_RS09425	
ACZ81_RS09430	
ACZ81_RS09440	
ACZ81_RS09450	K03168
ACZ81_RS09465	K00147
ACZ81_RS09485	K09948
ACZ81_RS09495	K00986
ACZ81_RS09505	K00986
ACZ81_RS09510	
ACZ81_RS09515	
ACZ81_RS09520	
ACZ81_RS09525	
ACZ81_RS09530	
ACZ81_RS09535	
ACZ81_RS09540	
ACZ81_RS09545	
ACZ81_RS09550	
ACZ81_RS09555	K01286
ACZ81_RS21340	
ACZ81_RS09565	
ACZ81_RS09570	
ACZ81_RS09575	
ACZ81_RS09580	
ACZ81_RS09585	
ACZ81_RS09590	
ACZ81_RS09605	
ACZ81_RS09610	
ACZ81_RS11775	
ACZ81_RS09615	
ACZ81_RS11770	
ACZ81_RS09630	K03832
ACZ81_RS09635	
ACZ81_RS09640	
ACZ81_RS09655	
ACZ81_RS09665	K03529
ACZ81_RS09670	K03528
ACZ81_RS09675	K01972
ACZ81_RS09685	K02238
ACZ81_RS09695	K00912
ACZ81_RS09705	K00979
ACZ81_RS09720	K14441
ACZ81_RS09725	
ACZ81_RS09740	K07393
ACZ81_RS09745	K06911
ACZ81_RS09750	K03790
ACZ81_RS09755	K01840
ACZ81_RS09795	K00164
ACZ81_RS09800	K00658
ACZ81_RS09820	K00986
ACZ81_RS19130	K00986
ACZ81_RS09825	K02014
ACZ81_RS09835	K02014
ACZ81_RS09855	
ACZ81_RS09860	
ACZ81_RS09865	K21575
ACZ81_RS09875	
ACZ81_RS09905	K07116
ACZ81_RS09910	K04774
ACZ81_RS09920	
ACZ81_RS09935	K03778
ACZ81_RS09940	K00432
ACZ81_RS09945	K00020
ACZ81_RS09950	
ACZ81_RS09955	
ACZ81_RS09960	
ACZ81_RS09965	K00563
ACZ81_RS09970	K07014
ACZ81_RS09980	K06899
ACZ81_RS09990	
ACZ81_RS09995	
ACZ81_RS10005	
ACZ81_RS10015	K02477
ACZ81_RS10035	
ACZ81_RS10040	
ACZ81_RS10055	K07726
ACZ81_RS10060	
ACZ81_RS10065	
ACZ81_RS10070	
ACZ81_RS10080	
ACZ81_RS10085	K01029
ACZ81_RS10090	K01028
ACZ81_RS10100	
ACZ81_RS10115	K01752
ACZ81_RS10125	K01665
ACZ81_RS10135	K09760
ACZ81_RS10150	K00167
ACZ81_RS10155	K09699
ACZ81_RS10160	K07115
ACZ81_RS10185	
ACZ81_RS10220	K01256
ACZ81_RS10240	
ACZ81_RS10245	K07003
ACZ81_RS10255	K00254
ACZ81_RS10260	K12297
ACZ81_RS10265	
ACZ81_RS10270	K15738
ACZ81_RS10300	K25656
ACZ81_RS10305	K01669
ACZ81_RS10310	K06876
ACZ81_RS10315	
ACZ81_RS10320	K01069
ACZ81_RS10355	
ACZ81_RS10395	K09926
ACZ81_RS10400	K01533
ACZ81_RS10410	K09792
ACZ81_RS10420	K14055
ACZ81_RS10435	
ACZ81_RS10455	K12410
ACZ81_RS10460	K01011
ACZ81_RS10505	K06911
ACZ81_RS10510	K14155
ACZ81_RS10535	
ACZ81_RS10545	
ACZ81_RS10550	
ACZ81_RS10570	K07236
ACZ81_RS10575	
ACZ81_RS10595	
ACZ81_RS10600	K01875
ACZ81_RS10610	K07478
ACZ81_RS10615	K03634
ACZ81_RS10620	K03466
ACZ81_RS10630	K00259
ACZ81_RS10635	
ACZ81_RS10690	K02469
ACZ81_RS10710	K11107
ACZ81_RS10715	
ACZ81_RS10730	
ACZ81_RS10735	
ACZ81_RS10740	
ACZ81_RS10745	
ACZ81_RS10760	K01714
ACZ81_RS10775	K03548
ACZ81_RS10780	K01423
ACZ81_RS10785	
ACZ81_RS10790	K00537
ACZ81_RS10795	K03809
ACZ81_RS10805	
ACZ81_RS10810	K10763
ACZ81_RS10815	K09938
ACZ81_RS10865	K07026
ACZ81_RS10875	K00690
ACZ81_RS10885	K03750
ACZ81_RS10890	K03327
ACZ81_RS10895	K07141
ACZ81_RS10900	K09989
ACZ81_RS10910	K01738
ACZ81_RS10925	
ACZ81_RS10935	K07486
ACZ81_RS10945	
ACZ81_RS10950	
ACZ81_RS10955	
ACZ81_RS10965	
ACZ81_RS10970	
ACZ81_RS10980	
ACZ81_RS10995	
ACZ81_RS11000	
ACZ81_RS11005	
ACZ81_RS11010	
ACZ81_RS11015	K00681
ACZ81_RS11025	
ACZ81_RS11030	
ACZ81_RS11040	K01118
ACZ81_RS11045	
ACZ81_RS11055	
ACZ81_RS11060	
ACZ81_RS11095	
ACZ81_RS11100	
ACZ81_RS11105	
ACZ81_RS11110	K02014
ACZ81_RS11125	
ACZ81_RS11145	K03521
ACZ81_RS11150	K00311
ACZ81_RS11155	K03746
ACZ81_RS11160	K01175
ACZ81_RS11175	K03406
ACZ81_RS11185	K00824
ACZ81_RS11190	
ACZ81_RS11195	
ACZ81_RS11200	K07160
ACZ81_RS11205	K00243
ACZ81_RS11220	
ACZ81_RS11250	K01129
ACZ81_RS11255	K07147
ACZ81_RS11285	K00344
ACZ81_RS11290	
ACZ81_RS11305	K02014
ACZ81_RS11315	
ACZ81_RS11320	
ACZ81_RS11325	K02495
ACZ81_RS11330	K02017
ACZ81_RS11335	K02018
ACZ81_RS11340	K02020
ACZ81_RS11365	K21029
ACZ81_RS11375	
ACZ81_RS11380	
ACZ81_RS11395	
ACZ81_RS11415	
ACZ81_RS11420	K00817
ACZ81_RS11445	
ACZ81_RS11450	
ACZ81_RS11455	K14952
ACZ81_RS11490	
ACZ81_RS11495	
ACZ81_RS11510	K03581
ACZ81_RS11515	K03582
ACZ81_RS11520	K03583
ACZ81_RS11540	
ACZ81_RS11570	
ACZ81_RS11590	
ACZ81_RS11605	
ACZ81_RS11650	
ACZ81_RS11660	
ACZ81_RS11665	
ACZ81_RS11715	K00700
ACZ81_RS11730	K01792
ACZ81_RS11750	K01057
ACZ81_RS11780	K01243
ACZ81_RS11790	
ACZ81_RS11835	K07093
ACZ81_RS11840	
ACZ81_RS11860	
ACZ81_RS11875	K01685
ACZ81_RS11885	K00040
ACZ81_RS11895	K00874
ACZ81_RS11900	
ACZ81_RS11905	K02014
ACZ81_RS11915	
ACZ81_RS11920	K01051
ACZ81_RS11925	
ACZ81_RS11935	
ACZ81_RS11940	K07004
ACZ81_RS11950	K03406
ACZ81_RS11970	
ACZ81_RS11985	
ACZ81_RS12010	
ACZ81_RS12015	
ACZ81_RS12035	
ACZ81_RS20110	
ACZ81_RS20650	
ACZ81_RS12045	K07484
ACZ81_RS12055	
ACZ81_RS12070	
ACZ81_RS12075	
ACZ81_RS12080	
ACZ81_RS12110	K14445
ACZ81_RS12120	K03593
ACZ81_RS12130	K03442
ACZ81_RS12145	K08307
ACZ81_RS12150	
ACZ81_RS12165	
ACZ81_RS12170	K01883
ACZ81_RS12195	
ACZ81_RS12200	
ACZ81_RS12205	K00690
ACZ81_RS12215	K19745
ACZ81_RS12220	
ACZ81_RS12250	K08682
ACZ81_RS12260	
ACZ81_RS12275	K03749
ACZ81_RS12280	K11754
ACZ81_RS12290	
ACZ81_RS12295	K06173
ACZ81_RS12300	K08086
ACZ81_RS12310	K03473
ACZ81_RS12320	K10914
ACZ81_RS12325	K19092
ACZ81_RS12340	K01897
ACZ81_RS12345	
ACZ81_RS12350	K15461
ACZ81_RS12355	
ACZ81_RS12415	
ACZ81_RS12420	
ACZ81_RS12425	
ACZ81_RS12440	
ACZ81_RS12475	
ACZ81_RS12485	K00219
ACZ81_RS12495	
ACZ81_RS12520	
ACZ81_RS12535	
ACZ81_RS12570	K09160
ACZ81_RS12575	
ACZ81_RS12580	K08305
ACZ81_RS12590	K03684
ACZ81_RS12605	K07285
ACZ81_RS12640	K00499
ACZ81_RS12650	
ACZ81_RS12660	
ACZ81_RS12695	K03496
ACZ81_RS12715	K00817
ACZ81_RS12720	K01089
ACZ81_RS12725	K02501
ACZ81_RS12740	K11755
ACZ81_RS12745	
ACZ81_RS12750	
ACZ81_RS12755	K21990
ACZ81_RS12765	K03100
ACZ81_RS12805	K00528
ACZ81_RS12815	K02343
ACZ81_RS12825	K09929
ACZ81_RS12830	K09930
ACZ81_RS12845	
ACZ81_RS12880	
ACZ81_RS12890	
ACZ81_RS12895	K03777
ACZ81_RS12900	K03303
ACZ81_RS12905	
ACZ81_RS12910	
ACZ81_RS12915	
ACZ81_RS12920	K03695
ACZ81_RS12925	K05810
ACZ81_RS12940	K07167
ACZ81_RS12965	K06954
ACZ81_RS12975	K00574
ACZ81_RS12980	K02557
ACZ81_RS12995	K00795
ACZ81_RS13000	K01662
ACZ81_RS13040	K11752
ACZ81_RS13065	
ACZ81_RS13070	K04485
ACZ81_RS13090	K03424
ACZ81_RS13125	K03598
ACZ81_RS13140	K00278
ACZ81_RS13190	
ACZ81_RS13195	
ACZ81_RS13200	
ACZ81_RS13205	
ACZ81_RS13210	
ACZ81_RS13220	K02674
ACZ81_RS13230	K02672
ACZ81_RS13255	K01870
ACZ81_RS13265	K03980
ACZ81_RS13275	
ACZ81_RS13280	
ACZ81_RS13285	
ACZ81_RS13290	K03453
ACZ81_RS13295	
ACZ81_RS13300	
ACZ81_RS13310	K01439
ACZ81_RS13385	K01491
ACZ81_RS13390	K09941
ACZ81_RS13400	K01881
ACZ81_RS13405	
ACZ81_RS13415	
ACZ81_RS13440	
ACZ81_RS13480	K15539
ACZ81_RS13485	K02656
ACZ81_RS13535	K04487
ACZ81_RS13545	
ACZ81_RS13550	K10215
ACZ81_RS13570	
ACZ81_RS13640	
ACZ81_RS13655	K02003
ACZ81_RS13660	K02004
ACZ81_RS13665	
ACZ81_RS13680	K03415
ACZ81_RS13685	K01637
ACZ81_RS13695	K01638
ACZ81_RS13700	K07001
ACZ81_RS13705	K08679
ACZ81_RS13720	
ACZ81_RS13725	K05797
ACZ81_RS13730	K04771
ACZ81_RS13740	
ACZ81_RS13745	
ACZ81_RS13750	
ACZ81_RS13755	
ACZ81_RS13760	
ACZ81_RS13765	
ACZ81_RS13770	
ACZ81_RS13785	
ACZ81_RS13795	
ACZ81_RS13800	K01953
ACZ81_RS13810	
ACZ81_RS13815	
ACZ81_RS13820	
ACZ81_RS13830	
ACZ81_RS13835	
ACZ81_RS13840	
ACZ81_RS13845	
ACZ81_RS13850	
ACZ81_RS13855	
ACZ81_RS13860	K13668
ACZ81_RS13865	
ACZ81_RS13870	
ACZ81_RS13875	
ACZ81_RS13880	K01991
ACZ81_RS13885	K25590
ACZ81_RS13890	K00903
ACZ81_RS13905	K07461
ACZ81_RS13910	
ACZ81_RS13915	K00982
ACZ81_RS13920	
ACZ81_RS13950	
ACZ81_RS13955	
ACZ81_RS13995	
ACZ81_RS14000	K01187
ACZ81_RS14010	K03437
ACZ81_RS14025	K01585
ACZ81_RS14035	
ACZ81_RS14040	K01692
ACZ81_RS14045	
ACZ81_RS14050	
ACZ81_RS14055	K00130
ACZ81_RS14060	K00108
ACZ81_RS14070	
ACZ81_RS14080	K06970
ACZ81_RS14085	K13639
ACZ81_RS14095	
ACZ81_RS14105	
ACZ81_RS14110	K02616
ACZ81_RS14115	K09456
ACZ81_RS14125	
ACZ81_RS14135	
ACZ81_RS14140	K05851
ACZ81_RS14150	
ACZ81_RS14155	
ACZ81_RS14185	K11177
ACZ81_RS14190	K01061
ACZ81_RS14195	
ACZ81_RS14200	K06937
ACZ81_RS14205	
ACZ81_RS14210	
ACZ81_RS14220	
ACZ81_RS14225	K02035
ACZ81_RS14230	K02033
ACZ81_RS14235	K02034
ACZ81_RS14240	K02031
ACZ81_RS14240	K02032
ACZ81_RS14245	
ACZ81_RS14250	
ACZ81_RS14255	K05520
ACZ81_RS14265	K08219
ACZ81_RS14275	K07284
ACZ81_RS14280	K15726
ACZ81_RS14290	
ACZ81_RS14295	
ACZ81_RS14300	K01488
ACZ81_RS14305	
ACZ81_RS14310	
ACZ81_RS14325	
ACZ81_RS14365	
ACZ81_RS14370	K05522
ACZ81_RS14375	
ACZ81_RS14380	
ACZ81_RS14390	K03654
ACZ81_RS14395	
ACZ81_RS14410	
ACZ81_RS14415	K11354
ACZ81_RS14420	K21430
ACZ81_RS14425	
ACZ81_RS14430	
ACZ81_RS14435	
ACZ81_RS14440	
ACZ81_RS14445	
ACZ81_RS14455	
ACZ81_RS14460	K00281
ACZ81_RS14470	K00605
ACZ81_RS14475	K02429
ACZ81_RS14480	K01443
ACZ81_RS14485	K00820
ACZ81_RS14490	K18676
ACZ81_RS14495	K12373
ACZ81_RS14500	K02014
ACZ81_RS14510	
ACZ81_RS14520	
ACZ81_RS14525	K01271
ACZ81_RS14530	
ACZ81_RS14535	
ACZ81_RS14540	K18800
ACZ81_RS14545	K03185
ACZ81_RS14550	K01262
ACZ81_RS14570	
ACZ81_RS14605	K07283
ACZ81_RS14615	
ACZ81_RS14625	K09797
ACZ81_RS14635	K18298
ACZ81_RS14640	
ACZ81_RS14650	K00627
ACZ81_RS14655	K00163
ACZ81_RS14665	K03807
ACZ81_RS14670	K03806
ACZ81_RS14675	K06985
ACZ81_RS14680	K00767
ACZ81_RS14695	K02654
ACZ81_RS14700	K00859
ACZ81_RS14710	K09862
ACZ81_RS14715	K01437
ACZ81_RS14720	K03574
ACZ81_RS14765	K02563
ACZ81_RS14775	K01925
ACZ81_RS14785	K01929
ACZ81_RS14790	K01928
ACZ81_RS14795	K03587
ACZ81_RS14815	
ACZ81_RS14820	
ACZ81_RS14825	K01273
ACZ81_RS14830	K07787
ACZ81_RS14835	K07798
ACZ81_RS14840	
ACZ81_RS14870	
ACZ81_RS14885	
ACZ81_RS14890	K16872
ACZ81_RS14895	
ACZ81_RS14900	
ACZ81_RS14945	K06997
ACZ81_RS14950	K00286
ACZ81_RS14965	K00219
ACZ81_RS14975	
ACZ81_RS14980	K00799
ACZ81_RS14990	K04063
ACZ81_RS14995	K07304
ACZ81_RS15005	
ACZ81_RS15040	K00616
ACZ81_RS15045	K01810
ACZ81_RS15050	K03648
ACZ81_RS15055	K01733
ACZ81_RS15065	K12524
ACZ81_RS15070	
ACZ81_RS15080	
ACZ81_RS15085	
ACZ81_RS15090	
ACZ81_RS15095	
ACZ81_RS15115	K03325
ACZ81_RS15135	
ACZ81_RS15150	
ACZ81_RS15155	K01505
ACZ81_RS15165	K21053
ACZ81_RS15170	
ACZ81_RS15175	
ACZ81_RS15190	
ACZ81_RS15205	
ACZ81_RS15210	
ACZ81_RS15220	K07121
ACZ81_RS15225	K07460
ACZ81_RS15245	
ACZ81_RS15255	K03297
ACZ81_RS15260	K07778
ACZ81_RS15270	
ACZ81_RS15275	
ACZ81_RS15285	
ACZ81_RS15295	K01659
ACZ81_RS15300	K20455
ACZ81_RS15305	K09788
ACZ81_RS15315	
ACZ81_RS15320	K08981
ACZ81_RS15325	K09167
ACZ81_RS15350	
ACZ81_RS15370	K02227
ACZ81_RS15385	
ACZ81_RS15395	
ACZ81_RS15410	
ACZ81_RS15415	K09001
ACZ81_RS15420	
ACZ81_RS15425	K02429
ACZ81_RS15435	K10680
ACZ81_RS15445	K01740
ACZ81_RS15450	
ACZ81_RS15455	K00799
ACZ81_RS15465	K23753
ACZ81_RS15475	K03609
ACZ81_RS15480	K03610
ACZ81_RS15490	
ACZ81_RS15500	
ACZ81_RS15530	K03322
ACZ81_RS15575	K00655
ACZ81_RS15585	
ACZ81_RS15610	
ACZ81_RS15615	K01873
ACZ81_RS15620	K02339
ACZ81_RS15655	
ACZ81_RS15660	
ACZ81_RS15665	
ACZ81_RS15675	
ACZ81_RS15685	
ACZ81_RS15690	
ACZ81_RS15695	
ACZ81_RS15700	
ACZ81_RS15715	K03923
ACZ81_RS15720	
ACZ81_RS15735	K03657
ACZ81_RS15745	
ACZ81_RS15750	
ACZ81_RS15760	
ACZ81_RS15765	K02014
ACZ81_RS15805	K07645
ACZ81_RS15840	
ACZ81_RS15845	
ACZ81_RS15865	
ACZ81_RS15875	K01251
ACZ81_RS15880	
ACZ81_RS15900	K02030
ACZ81_RS15910	
ACZ81_RS15915	K01990
ACZ81_RS15925	K01255
ACZ81_RS15940	K06138
ACZ81_RS15945	K06139
ACZ81_RS15950	
ACZ81_RS15955	
ACZ81_RS15960	
ACZ81_RS15965	
ACZ81_RS15970	
ACZ81_RS15975	K20975
ACZ81_RS15980	
ACZ81_RS15985	K19339
ACZ81_RS16000	K07675
ACZ81_RS16005	K03406
ACZ81_RS16010	
ACZ81_RS16020	K00020
ACZ81_RS16050	
ACZ81_RS16055	K00101
ACZ81_RS16060	K03777
ACZ81_RS16095	
ACZ81_RS16105	
ACZ81_RS16110	
ACZ81_RS16115	K11927
ACZ81_RS16130	K03782
ACZ81_RS16135	
ACZ81_RS16140	K01115
ACZ81_RS16150	K19338
ACZ81_RS16155	K02014
ACZ81_RS16160	K07090
ACZ81_RS16170	
ACZ81_RS16180	K02482
ACZ81_RS16185	
ACZ81_RS16195	
ACZ81_RS16200	K00666
ACZ81_RS16235	
ACZ81_RS16330	
ACZ81_RS16335	
ACZ81_RS16345	
ACZ81_RS16360	
ACZ81_RS16365	K16053
ACZ81_RS16380	
ACZ81_RS16390	
ACZ81_RS16410	
ACZ81_RS16430	
ACZ81_RS16435	K20543
ACZ81_RS16440	K20542
ACZ81_RS16445	K20541
ACZ81_RS16450	K00694
ACZ81_RS16465	K15460
ACZ81_RS16475	K01278
ACZ81_RS16490	K22589
ACZ81_RS16495	
ACZ81_RS16500	
ACZ81_RS16505	K01069
ACZ81_RS21235	
ACZ81_RS16525	
ACZ81_RS16535	
ACZ81_RS16545	
ACZ81_RS16550	
ACZ81_RS16555	
ACZ81_RS16570	K03457
ACZ81_RS16575	K02014
ACZ81_RS16585	K09024
ACZ81_RS16600	K09021
ACZ81_RS16710	K00346
ACZ81_RS16715	K00209
ACZ81_RS16775	
ACZ81_RS16785	
ACZ81_RS16790	
ACZ81_RS16800	K07182
ACZ81_RS16830	K06987
ACZ81_RS16890	K12132
ACZ81_RS16905	K17734
ACZ81_RS16925	K07093
ACZ81_RS16930	
ACZ81_RS16960	K03525
ACZ81_RS16965	K03524
ACZ81_RS16970	K00075
ACZ81_RS16980	
ACZ81_RS17005	
ACZ81_RS17025	K03717
ACZ81_RS17030	K06940
ACZ81_RS17035	K00012
ACZ81_RS17040	K01710
ACZ81_RS17045	K00067
ACZ81_RS17050	K01790
ACZ81_RS17055	K00973
ACZ81_RS17060	
ACZ81_RS17065	
ACZ81_RS17070	
ACZ81_RS17075	
ACZ81_RS17085	K02377
ACZ81_RS17090	
ACZ81_RS17105	
ACZ81_RS17110	
ACZ81_RS17120	
ACZ81_RS17125	
ACZ81_RS17145	
ACZ81_RS17150	
ACZ81_RS17155	K01711
ACZ81_RS17160	
ACZ81_RS17165	
ACZ81_RS17170	
ACZ81_RS17175	
ACZ81_RS17180	
ACZ81_RS17185	
ACZ81_RS17190	
ACZ81_RS17195	
ACZ81_RS17200	
ACZ81_RS17205	
ACZ81_RS17220	
ACZ81_RS17225	
ACZ81_RS17230	
ACZ81_RS17235	
ACZ81_RS17245	
ACZ81_RS17355	
ACZ81_RS17360	
ACZ81_RS17380	K01113
ACZ81_RS17395	K02014
ACZ81_RS17405	
ACZ81_RS17415	
ACZ81_RS17440	
ACZ81_RS17445	
ACZ81_RS17450	
ACZ81_RS17455	K11354
ACZ81_RS17460	
ACZ81_RS21155	
ACZ81_RS17470	
ACZ81_RS17495	
ACZ81_RS17510	K03690
ACZ81_RS17515	K03183
ACZ81_RS17520	
ACZ81_RS17525	K01414
ACZ81_RS17535	
ACZ81_RS17540	K02482
ACZ81_RS17545	
ACZ81_RS17550	K00383
ACZ81_RS17560	K02014
ACZ81_RS17565	
ACZ81_RS17570	
ACZ81_RS17585	
ACZ81_RS17590	
ACZ81_RS17600	
ACZ81_RS17615	K13408
ACZ81_RS17620	K13409
ACZ81_RS17640	
ACZ81_RS17670	
ACZ81_RS17675	K03591
ACZ81_RS17680	K04066
ACZ81_RS17720	
ACZ81_RS17735	K07560
ACZ81_RS17750	
ACZ81_RS17760	K09811
ACZ81_RS17770	K03110
ACZ81_RS17795	K07751
ACZ81_RS17800	K06206
ACZ81_RS17810	K01894
ACZ81_RS17830	K01918
ACZ81_RS17835	K01580
ACZ81_RS17865	K14980
ACZ81_RS17870	
ACZ81_RS17880	
ACZ81_RS17890	K07089
ACZ81_RS17900	K00380
ACZ81_RS17905	
ACZ81_RS17920	
ACZ81_RS17935	
ACZ81_RS17955	K03561
ACZ81_RS17960	
ACZ81_RS17965	K19611
ACZ81_RS17970	K16422
ACZ81_RS17980	K16090
ACZ81_RS17985	K14731
ACZ81_RS18070	K18893
ACZ81_RS18075	K10218
ACZ81_RS18080	K07386
ACZ81_RS18085	
ACZ81_RS18090	K09964
ACZ81_RS18100	
ACZ81_RS18115	
ACZ81_RS18135	K05341
ACZ81_RS18140	
ACZ81_RS18145	K01495
ACZ81_RS18150	K13938
ACZ81_RS18155	
ACZ81_RS18170	K06953
ACZ81_RS18175	K03724
ACZ81_RS18180	K07148
ACZ81_RS18195	K10747
ACZ81_RS18210	
ACZ81_RS18240	
ACZ81_RS18250	K00568
ACZ81_RS18260	
ACZ81_RS18310	K03572
ACZ81_RS18325	K23997
ACZ81_RS18330	K18979
ACZ81_RS18340	K01599
ACZ81_RS18380	
ACZ81_RS18405	
ACZ81_RS18430	
ACZ81_RS18435	
ACZ81_RS18465	K02003
ACZ81_RS18470	K02004
ACZ81_RS18475	K03776
ACZ81_RS18480	K02482
ACZ81_RS18490	
ACZ81_RS18495	
ACZ81_RS18520	K07090
ACZ81_RS18550	
ACZ81_RS18555	
ACZ81_RS18565	K05349
ACZ81_RS18570	K02429
ACZ81_RS18595	K16013
ACZ81_RS18600	K00424
ACZ81_RS18605	K00426
ACZ81_RS18610	K00425
ACZ81_RS18620	
ACZ81_RS18630	K02014
ACZ81_RS18635	K07090
ACZ81_RS18645	
ACZ81_RS18665	K09007
ACZ81_RS18670	
ACZ81_RS18715	
ACZ81_RS18725	
ACZ81_RS18735	
ACZ81_RS18750	
ACZ81_RS18785	K03885
ACZ81_RS18790	K02014
ACZ81_RS18800	K01243
ACZ81_RS18805	
ACZ81_RS18820	
ACZ81_RS18830	
ACZ81_RS18835	
ACZ81_RS18840	
ACZ81_RS18855	K16044
ACZ81_RS18860	K04042
ACZ81_RS18865	
ACZ81_RS18875	K00567
ACZ81_RS18880	K13529
ACZ81_RS18895	
ACZ81_RS18910	K00324
ACZ81_RS18915	
ACZ81_RS18920	K14266
ACZ81_RS18925	
ACZ81_RS18930	
ACZ81_RS18935	
ACZ81_RS18940	
ACZ81_RS18945	
ACZ81_RS18950	K16087
ACZ81_RS18970	K07165
ACZ81_RS18975	
ACZ81_RS18980	K03769
ACZ81_RS18990	K02257
ACZ81_RS19000	K02299
ACZ81_RS19025	
ACZ81_RS19035	K01728
ACZ81_RS19050	
ACZ81_RS19090	K07113
ACZ81_RS19095	K03926
ACZ81_RS19125	
ACZ81_RS19150	K02342
ACZ81_RS19165	
ACZ81_RS19175	K01426
ACZ81_RS19185	K02687
ACZ81_RS19210	K01945
ACZ81_RS19215	K03796
ACZ81_RS19220	
ACZ81_RS19235	
ACZ81_RS19250	
ACZ81_RS19255	K18820
ACZ81_RS19265	K01610
ACZ81_RS19280	K02452
ACZ81_RS19295	K02455
ACZ81_RS19300	K02456
ACZ81_RS19305	K02457
ACZ81_RS19320	K02460
ACZ81_RS19325	K02461
ACZ81_RS19335	K02463
ACZ81_RS19340	
ACZ81_RS19345	
ACZ81_RS19350	K00135
ACZ81_RS19370	K01082
ACZ81_RS19380	K03669
ACZ81_RS19395	K09898
ACZ81_RS19405	
ACZ81_RS19410	K06158
ACZ81_RS19420	
ACZ81_RS19450	K06959
ACZ81_RS19455	
ACZ81_RS19460	
ACZ81_RS19465	
ACZ81_RS19475	
ACZ81_RS19480	
ACZ81_RS19505	
ACZ81_RS19510	K03327
ACZ81_RS19515	
ACZ81_RS19540	
ACZ81_RS19580	
ACZ81_RS19585	
ACZ81_RS19595	K01754
ACZ81_RS19600	K01687
ACZ81_RS19610	K07391
ACZ81_RS19625	K07552
ACZ81_RS19630	
ACZ81_RS19635	K07278
ACZ81_RS19640	K09800
ACZ81_RS19645	
ACZ81_RS19660	
ACZ81_RS19665	K00018
ACZ81_RS19670	K07107
ACZ81_RS19685	
ACZ81_RS19710	
ACZ81_RS19720	K09986
ACZ81_RS19725	
ACZ81_RS19735	
ACZ81_RS19765	K14266
ACZ81_RS19770	K14266
ACZ81_RS19780	K05350
ACZ81_RS19785	K03292
ACZ81_RS19795	
ACZ81_RS19800	
ACZ81_RS19810	K25135
ACZ81_RS19820	K05812
ACZ81_RS19920	K03650
ACZ81_RS19930	K03217
ACZ81_RS00450	
ACZ81_RS00455	
ACZ81_RS00725	
ACZ81_RS01355	
ACZ81_RS01590	
ACZ81_RS01910	
ACZ81_RS02060	K00145
ACZ81_RS02220	K09897
ACZ81_RS02495	
ACZ81_RS02840	
ACZ81_RS03005	
ACZ81_RS03095	
ACZ81_RS03605	
ACZ81_RS03610	
ACZ81_RS04150	K07862
ACZ81_RS04160	K01468
ACZ81_RS04165	K05836
ACZ81_RS04325	K03805
ACZ81_RS04375	K07727
ACZ81_RS04720	
ACZ81_RS06160	K01782
ACZ81_RS06385	K01876
ACZ81_RS06425	K03646
ACZ81_RS06575	K16090
ACZ81_RS07225	
ACZ81_RS08085	
ACZ81_RS08385	
ACZ81_RS08890	
ACZ81_RS09230	K00684
ACZ81_RS09455	K03307
ACZ81_RS09480	K00962
ACZ81_RS09840	K01200
ACZ81_RS10075	
ACZ81_RS10975	
ACZ81_RS11410	
ACZ81_RS11830	
ACZ81_RS11850	K01815
ACZ81_RS11855	
ACZ81_RS12085	
ACZ81_RS12225	
ACZ81_RS12445	K07263
ACZ81_RS12690	K17837
ACZ81_RS13080	K01079
ACZ81_RS13180	K01916
ACZ81_RS14690	K02653
ACZ81_RS15110	K11811
ACZ81_RS15200	K13747
ACZ81_RS15505	
ACZ81_RS15605	K02055
ACZ81_RS15870	K01271
ACZ81_RS16025	K02168
ACZ81_RS16085	
ACZ81_RS16855	
ACZ81_RS18190	K07577
ACZ81_RS18955	
ACZ81_RS19100	K04084
ACZ81_RS19105	
ACZ81_RS19140	
ACZ81_RS19200	K00602
ACZ81_RS19285	K02453
ACZ81_RS19535	K02259
ACZ81_RS19970	
ACZ81_RS19975	
ACZ81_RS20035	
ACZ81_RS20075	K00986
ACZ81_RS20090	
ACZ81_RS20095	
ACZ81_RS20100	
ACZ81_RS20105	
ACZ81_RS20260	K06282
ACZ81_RS20275	
ACZ81_RS20290	
ACZ81_RS20345	K07156
ACZ81_RS20395	
ACZ81_RS20400	
ACZ81_RS20405	
ACZ81_RS20415	
ACZ81_RS20425	
ACZ81_RS20430	
ACZ81_RS20440	K03496
ACZ81_RS20450	
ACZ81_RS20455	
ACZ81_RS20475	
ACZ81_RS20480	
ACZ81_RS20500	
ACZ81_RS20510	
ACZ81_RS20530	
ACZ81_RS20535	
ACZ81_RS20540	
ACZ81_RS20550	
ACZ81_RS20555	
ACZ81_RS20560	
ACZ81_RS20565	K07154
ACZ81_RS20570	K07154
ACZ81_RS20580	
ACZ81_RS20595	
ACZ81_RS20605	
ACZ81_RS20615	
ACZ81_RS20620	
ACZ81_RS20625	
ACZ81_RS20665	
ACZ81_RS20670	
ACZ81_RS00995	
ACZ81_RS13185	K08084
ACZ81_RS20045	
ACZ81_RS07950	K02520
ACZ81_RS20920	K06135
ACZ81_RS13470	K01892
ACZ81_RS11280	K01176
ACZ81_RS15010	
ACZ81_RS13235	K02671
ACZ81_RS18345	K03426
ACZ81_RS18695	
ACZ81_RS00040	K01246
ACZ81_RS00055	
ACZ81_RS03060	K03767
ACZ81_RS21585	K07484
ACZ81_RS21690	K07484
ACZ81_RS00885	K02558
ACZ81_RS01930	
ACZ81_RS02420	K07106
ACZ81_RS02835	
ACZ81_RS03355	K02040
ACZ81_RS03515	K05801
ACZ81_RS03530	K07462
ACZ81_RS03575	K00021
ACZ81_RS03870	
ACZ81_RS03990	
ACZ81_RS04490	
ACZ81_RS04900	K02337
ACZ81_RS05785	K22769
ACZ81_RS05835	K01919
ACZ81_RS06265	K00554
ACZ81_RS20800	K06938
ACZ81_RS07025	K02014
ACZ81_RS07450	
ACZ81_RS07505	
ACZ81_RS07600	K01154
ACZ81_RS07715	
ACZ81_RS07750	K07303
ACZ81_RS08075	
ACZ81_RS08290	K01556
ACZ81_RS08885	
ACZ81_RS21325	
ACZ81_RS09245	K02742
ACZ81_RS09270	
ACZ81_RS11050	K01740
ACZ81_RS11120	K01322
ACZ81_RS11225	
ACZ81_RS11390	
ACZ81_RS11545	K12574
ACZ81_RS11710	K01214
ACZ81_RS11945	
ACZ81_RS12970	K09701
ACZ81_RS13775	
ACZ81_RS13825	
ACZ81_RS14075	
ACZ81_RS14505	K02529
ACZ81_RS15640	
ACZ81_RS15670	
ACZ81_RS15755	
ACZ81_RS16240	K00557
ACZ81_RS16595	K09023
ACZ81_RS17080	K03207
ACZ81_RS17095	
ACZ81_RS17490	K05800
ACZ81_RS17555	
ACZ81_RS18245	K01046
ACZ81_RS18510	K17743
ACZ81_RS19430	
ACZ81_RS19570	K02275
ACZ81_RS01650	
ACZ81_RS20765	
ACZ81_RS04920	K03455
ACZ81_RS05370	K02167
ACZ81_RS16420	
ACZ81_RS18525	K01811
ACZ81_RS20085	
ACZ81_RS20485	
ACZ81_RS20575	
ACZ81_RS05805	K02836
ACZ81_RS12210	
ACZ81_RS19240	K07659
ACZ81_RS20545	
ACZ81_RS19980	
ACZ81_RS21145	
ACZ81_RS04270	
ACZ81_RS04360	K07090
ACZ81_RS05100	K15897
ACZ81_RS06615	K03808
ACZ81_RS07530	
ACZ81_RS07535	
ACZ81_RS08825	K07497
ACZ81_RS10940	
ACZ81_RS14270	K07114
ACZ81_RS17115	
ACZ81_RS17140	
ACZ81_RS02715	K03087
ACZ81_RS16920	K03781
ACZ81_RS21165	
ACZ81_RS20080	K00986
ACZ81_RS20390	
ACZ81_RS20410	
ACZ81_RS20435	K03496
ACZ81_RS20460	
ACZ81_RS20495	
ACZ81_RS20585	
ACZ81_RS20600	
ACZ81_RS20660	K07484
ACZ81_RS21210	
ACZ81_RS21245	
ACZ81_RS21240	
ACZ81_RS21230	
ACZ81_RS21260	
ACZ81_RS21205	
ACZ81_RS02500	K09771
ACZ81_RS21195	
ACZ81_RS21200	
ACZ81_RS04395	
ACZ81_RS21215	
ACZ81_RS07650	
ACZ81_RS21220	
ACZ81_RS21225	
ACZ81_RS12030	
ACZ81_RS13735	
ACZ81_RS17215	
ACZ81_RS21250	
ACZ81_RS18220	
ACZ81_RS14685	K02650
ACZ81_RS21255	
ACZ81_RS04180	K05805
ACZ81_RS19290	K02454
ACZ81_RS21355	
ACZ81_RS21300	
ACZ81_RS21330	
ACZ81_RS21335	
ACZ81_RS21350	
ACZ81_RS21365	
ACZ81_RS02740	K01770
ACZ81_RS10880	K01091
ACZ81_RS12230	
ACZ81_RS12460	K09906
ACZ81_RS15375	K06858
ACZ81_RS19440	
ACZ81_RS03525	K03981
ACZ81_RS13620	K10716
ACZ81_RS09925	
ACZ81_RS01235	
ACZ81_RS21295	
ACZ81_RS17850	K01992
ACZ81_RS00635	
ACZ81_RS02720	K06194
ACZ81_RS03895	K02014
ACZ81_RS03910	
ACZ81_RS04615	
ACZ81_RS06660	K00833
ACZ81_RS07575	
ACZ81_RS21320	
ACZ81_RS14850	
ACZ81_RS21390	
ACZ81_RS20590	
ACZ81_RS20680	K07245
ACZ81_RS09850	
ACZ81_RS02435	
ACZ81_RS16840	
ACZ81_RS00765	
ACZ81_RS13215	K02655
ACZ81_RS03180	K16092
ACZ81_RS16325	K05539
ACZ81_RS06355	
ACZ81_RS16750	
ACZ81_RS21630	
ACZ81_RS01345	
ACZ81_RS10370	
ACZ81_RS19020	
ACZ81_RS04980	K02386
ACZ81_RS19225	K10716
ACZ81_RS11020	
ACZ81_RS03875	
ACZ81_RS03980	
ACZ81_RS02240	K03116
ACZ81_RS06015	
ACZ81_RS10650	K08992
ACZ81_RS07000	
ACZ81_RS00290	K11211
ACZ81_RS02895	
ACZ81_RS02985	
ACZ81_RS04800	
ACZ81_RS04805	K06175
ACZ81_RS06315	
ACZ81_RS06510	K07221
ACZ81_RS21525	
ACZ81_RS11695	
ACZ81_RS21545	
ACZ81_RS15180	
ACZ81_RS15795	
ACZ81_RS09185	K07153
ACZ81_RS21500	
ACZ81_RS12025	
ACZ81_RS19495	K25316
ACZ81_RS20490	
ACZ81_RS01770	K03579
ACZ81_RS02170	K01126
ACZ81_RS03415	
ACZ81_RS03650	
ACZ81_RS06515	
ACZ81_RS07075	
ACZ81_RS12155	
ACZ81_RS12430	
ACZ81_RS14170	
ACZ81_RS14450	
ACZ81_RS19650	
ACZ81_RS04255	K07552
ACZ81_RS07820	
ACZ81_RS08245	
ACZ81_RS18710	
ACZ81_RS00850	
ACZ81_RS00950	
ACZ81_RS02110	K13888
ACZ81_RS10180	K00830
ACZ81_RS10295	K01669
ACZ81_RS21520	K01669
ACZ81_RS10830	
ACZ81_RS11275	K09858
ACZ81_RS11475	K03652
ACZ81_RS12405	K05776
ACZ81_RS12685	
ACZ81_RS12760	K07263
ACZ81_RS12800	
ACZ81_RS20900	
ACZ81_RS13790	
ACZ81_RS13805	
ACZ81_RS13895	
ACZ81_RS21535	
ACZ81_RS14160	
ACZ81_RS14180	K11178
ACZ81_RS14215	
ACZ81_RS14285	K15727
ACZ81_RS14405	K11527
ACZ81_RS14585	K01934
ACZ81_RS21550	
ACZ81_RS15645	
ACZ81_RS15730	
ACZ81_RS15905	
ACZ81_RS16485	
ACZ81_RS16530	
ACZ81_RS16975	K03406
ACZ81_RS17010	
ACZ81_RS21560	K19092
ACZ81_RS21565	
ACZ81_RS17665	
ACZ81_RS17875	
ACZ81_RS17925	
ACZ81_RS18185	
ACZ81_RS18215	
ACZ81_RS18390	
ACZ81_RS18650	K02014
ACZ81_RS18655	
ACZ81_RS18660	
ACZ81_RS18960	K02014
ACZ81_RS19070	
ACZ81_RS19155	
ACZ81_RS00005	K02313
ACZ81_RS21400	
ACZ81_RS00660	
ACZ81_RS00680	
ACZ81_RS01340	
ACZ81_RS21410	
ACZ81_RS21415	
ACZ81_RS01515	
ACZ81_RS01525	
ACZ81_RS01540	
ACZ81_RS02385	
ACZ81_RS21440	K19000
ACZ81_RS02470	
ACZ81_RS02510	
ACZ81_RS02690	
ACZ81_RS21455	K03406
ACZ81_RS04330	
ACZ81_RS04520	
ACZ81_RS04775	
ACZ81_RS05615	
ACZ81_RS21480	
ACZ81_RS05765	
ACZ81_RS05790	K22770
ACZ81_RS06620	
ACZ81_RS07105	K03406
ACZ81_RS07525	
ACZ81_RS07700	
ACZ81_RS21490	
ACZ81_RS08295	
ACZ81_RS08615	
ACZ81_RS08790	
ACZ81_RS21125	
ACZ81_RS08835	
ACZ81_RS08850	K02014
ACZ81_RS21495	
ACZ81_RS09325	K00969
ACZ81_RS09500	
ACZ81_RS09620	
ACZ81_RS09625	K06987
ACZ81_RS09645	K01489
ACZ81_RS21405	
ACZ81_RS01030	
ACZ81_RS04235	K16089
ACZ81_RS05335	K03576
ACZ81_RS21475	
ACZ81_RS21485	
ACZ81_RS11400	K08303
ACZ81_RS13945	
ACZ81_RS14575	
ACZ81_RS15555	
ACZ81_RS15895	K00114
ACZ81_RS16190	K02336
ACZ81_RS17400	
ACZ81_RS00105	
ACZ81_RS21650	
ACZ81_RS21655	
ACZ81_RS20335	
ACZ81_RS21660	K07798
ACZ81_RS20360	K07798
ACZ81_RS21665	K07644
ACZ81_RS21670	K07644
ACZ81_RS21675	
ACZ81_RS21680	
ACZ81_RS21685	
ACZ81_RS21700	K07484
ACZ81_RS20690	
ACZ81_RS20015	K15725
ACZ81_RS20020	K15727
ACZ81_RS21580	K15727
ACZ81_RS21590	K15727
ACZ81_RS21595	K15727
ACZ81_RS20150	K15725
ACZ81_RS21600	
ACZ81_RS20220	K04655
ACZ81_RS21605	K04656
ACZ81_RS21610	K04656
ACZ81_RS21620	K04656
ACZ81_RS20240	K04651
ACZ81_RS21640	
ACZ81_RS21645	
ACZ81_RS20320	
ACZ81_RS21575	
ACZ81_RS21625	K04656
ACZ81_RS20525	
ACZ81_RS21705	
ACZ81_RS21570	
